pollster,grade,population,end_date,yes,sample_size,no,pollster_rating_id
Ipsos,1.05,a,2022-05-10,42.39,1005.0,50.39,154
YouGov,0.93,rv,2022-05-10,42.0,1361.0,51.0,391
Rasmussen (Pulse Opinion Research),0.93,lv,2022-05-10,40.0,1500.0,59.0,277
Morning Consult,1.0,rv,2022-05-09,42.0,2005.0,55.0,218
Rasmussen (Pulse Opinion Research),0.93,lv,2022-05-09,41.0,1500.0,57.0,277
Rasmussen (Pulse Opinion Research),0.93,lv,2022-05-08,43.0,1500.0,55.0,277
TIPP,1.3,a,2022-05-06,39.0,1320.0,47.0,144
Engine Insights,1.0,rv,2022-05-06,43.6,833.0,52.6,37
YouGov,0.93,rv,2022-05-06,43.0,1215.0,54.0,391
Rasmussen (Pulse Opinion Research),0.93,lv,2022-05-05,45.0,1500.0,53.0,277
Rasmussen (Pulse Opinion Research),0.93,lv,2022-05-04,43.0,1500.0,55.0,277
Morning Consult,1.0,rv,2022-05-03,44.0,1955.0,54.0,218
Ipsos,1.05,a,2022-05-03,44.35,1005.0,49.6,154
Rasmussen (Pulse Opinion Research),0.93,lv,2022-05-03,42.0,1500.0,56.0,277
YouGov,0.93,rv,2022-05-03,46.0,1303.0,50.0,391
Morning Consult,1.0,a,2022-05-03,41.0,2210.0,54.0,218
Morning Consult,1.0,a,2022-05-03,41.0,45000.0,51.0,218
Morning Consult,1.0,rv,2022-05-02,41.0,2000.0,55.0,218
Rasmussen (Pulse Opinion Research),0.93,lv,2022-05-02,43.0,1500.0,55.0,277
Global Strategy Group/GBAO/Navigator Research,0.9,rv,2022-05-02,42.0,999.0,55.0,413
Morning Consult,1.0,a,2022-05-02,41.0,45000.0,51.0,218
Redfield & Wilton Strategies,0.3,rv,2022-05-01,39.0,1500.0,47.0,562
Léger,0.9,a,2022-05-01,43.0,1005.0,55.0,572
Beacon Research/Shaw & Company,1.0,rv,2022-05-01,45.0,1003.0,53.0,103
SSRS,0.65,rv,2022-05-01,41.0,806.0,59.0,297
Rasmussen (Pulse Opinion Research),0.93,lv,2022-05-01,44.0,1500.0,54.0,277
Morning Consult,1.0,a,2022-05-01,41.0,45000.0,51.0,218
Morning Consult,1.0,a,2022-04-30,41.0,45000.0,51.0,218
Fairleigh Dickinson,0.9,a,2022-04-29,38.0,1021.0,49.0,92
Morning Consult,1.0,a,2022-04-29,40.0,45000.0,51.0,218
Rasmussen (Pulse Opinion Research),0.93,lv,2022-04-28,42.0,1500.0,55.0,277
ABC/Washington Post,1.2,rv,2022-04-28,42.0,907.0,52.0,3
Morning Consult,1.0,a,2022-04-28,40.0,45000.0,51.0,218
YouGov,0.93,rv,2022-04-27,43.0,1336.0,51.0,391
Rasmussen (Pulse Opinion Research),0.93,lv,2022-04-27,42.0,1500.0,57.0,277
Morning Consult,1.0,a,2022-04-27,40.0,45000.0,51.0,218
Susquehanna,0.93,lv,2022-04-27,39.0,800.0,54.0,326
Ipsos,1.05,a,2022-04-26,42.15,1005.0,53.47,154
Emerson College Polling Society,1.05,rv,2022-04-26,41.7,1000.0,49.7,88
Rasmussen (Pulse Opinion Research),0.93,lv,2022-04-26,41.0,1500.0,58.0,277
McLaughlin,0.4,lv,2022-04-26,41.0,1000.0,57.0,203
Morning Consult,1.0,a,2022-04-26,40.0,45000.0,51.0,218
Marist,1.0,rv,2022-04-26,42.0,1162.0,53.0,183
Morning Consult,1.0,rv,2022-04-25,42.0,2004.0,55.0,218
Morning Consult,1.0,rv,2022-04-25,42.0,2004.0,55.0,218
Rasmussen (Pulse Opinion Research),0.93,lv,2022-04-25,41.0,1500.0,58.0,277
Quinnipiac,1.0,rv,2022-04-25,40.0,1409.0,51.0,267
Morning Consult,1.0,a,2022-04-25,40.0,45000.0,51.0,218
Rasmussen (Pulse Opinion Research),0.93,lv,2022-04-24,42.0,1500.0,57.0,277
Morning Consult,1.0,a,2022-04-24,40.0,45000.0,52.0,218
InsiderAdvantage,0.93,lv,2022-04-23,43.0,750.0,54.0,243
RMG Research,0.85,rv,2022-04-23,42.0,1200.0,53.0,555
Morning Consult,1.0,a,2022-04-23,40.0,45000.0,52.0,218
Engine Insights,1.0,rv,2022-04-22,43.8,817.0,51.1,37
YouGov,0.93,rv,2022-04-22,44.0,1187.0,52.0,391
Morning Consult,1.0,a,2022-04-22,40.0,45000.0,52.0,218
Harris Poll,1.05,rv,2022-04-21,41.0,1966.0,54.0,133
Rasmussen (Pulse Opinion Research),0.93,lv,2022-04-21,41.0,1500.0,57.0,277
Morning Consult,1.0,a,2022-04-21,42.0,2206.0,53.0,218
Morning Consult,1.0,a,2022-04-21,40.0,45000.0,52.0,218
RMG Research,0.85,rv,2022-04-20,39.0,1200.0,55.0,555
Rasmussen (Pulse Opinion Research),0.93,lv,2022-04-20,43.0,1500.0,56.0,277
American Research Group,0.75,rv,2022-04-20,39.0,993.0,55.0,9
Trafalgar Group,1.05,lv,2022-04-20,39.6,1077.0,55.3,338
Echelon Insights,0.9,lv,2022-04-20,44.0,1001.0,55.0,407
Morning Consult,1.0,a,2022-04-20,40.0,45000.0,52.0,218
Ipsos,1.05,a,2022-04-19,43.27,1005.0,51.32,154
Rasmussen (Pulse Opinion Research),0.93,lv,2022-04-19,43.0,1500.0,56.0,277
YouGov,0.93,rv,2022-04-19,43.0,1260.0,51.0,391
Morning Consult,1.0,a,2022-04-19,40.0,45000.0,52.0,218
Gallup,1.05,a,2022-04-19,41.0,1018.0,56.0,112
Redfield & Wilton Strategies,0.3,rv,2022-04-18,38.0,1500.0,47.0,562
NewsNation/Decision Desk HQ,0.6,rv,2022-04-18,47.4,1038.0,52.6,696
Cygnal Political,1.05,lv,2022-04-18,44.6,5846.0,53.7,67
Rasmussen (Pulse Opinion Research),0.93,lv,2022-04-18,45.0,1500.0,53.0,277
Global Strategy Group/GBAO/Navigator Research,0.9,rv,2022-04-18,46.0,997.0,52.0,413
AP-NORC,0.6,a,2022-04-18,45.0,1085.0,54.0,397
Morning Consult,1.0,a,2022-04-18,40.0,45000.0,51.0,218
POS,1.0,rv,2022-04-18,44.0,1500.0,56.0,260
Morning Consult,1.0,a,2022-04-17,43.0,2210.0,52.0,218
Morning Consult,1.0,rv,2022-04-17,45.0,2005.0,52.0,218
Rasmussen (Pulse Opinion Research),0.93,lv,2022-04-17,44.0,1500.0,54.0,277
Morning Consult,1.0,a,2022-04-17,40.0,45000.0,51.0,218
RMG Research,0.85,rv,2022-04-16,41.0,1200.0,55.0,555
Morning Consult,1.0,a,2022-04-16,40.0,45000.0,51.0,218
Morning Consult,1.0,a,2022-04-15,41.0,45000.0,51.0,218
RMG Research,0.85,rv,2022-04-14,43.0,1200.0,53.0,555
Rasmussen (Pulse Opinion Research),0.93,lv,2022-04-14,41.0,1500.0,58.0,277
Morning Consult,1.0,a,2022-04-14,41.0,45000.0,51.0,218
RMG Research,0.85,rv,2022-04-13,43.0,1200.0,51.0,555
Rasmussen (Pulse Opinion Research),0.93,lv,2022-04-13,40.0,1500.0,58.0,277
Morning Consult,1.0,a,2022-04-13,41.0,45000.0,50.0,218
Ipsos,1.05,a,2022-04-12,40.76,1005.0,53.2,154
Rasmussen (Pulse Opinion Research),0.93,lv,2022-04-12,41.0,1500.0,58.0,277
YouGov,0.93,rv,2022-04-12,46.0,1303.0,49.0,391
Morning Consult,1.0,a,2022-04-12,42.0,45000.0,50.0,218
Morning Consult,1.0,rv,2022-04-11,42.0,2005.0,55.0,218
Morning Consult,1.0,a,2022-04-11,40.0,2210.0,54.0,218
Morning Consult,1.0,rv,2022-04-11,41.0,2005.0,55.0,218
Rasmussen (Pulse Opinion Research),0.93,lv,2022-04-11,41.0,1500.0,58.0,277
Quinnipiac,1.0,rv,2022-04-11,35.0,1256.0,55.0,267
Morning Consult,1.0,a,2022-04-11,42.0,45000.0,50.0,218
Morning Consult,1.0,a,2022-04-10,40.0,2210.0,53.0,218
Hart Research Associates/Public Opinion Strategies,1.1,a,2022-04-10,38.0,800.0,53.0,221
Rasmussen (Pulse Opinion Research),0.93,lv,2022-04-10,42.0,1500.0,57.0,277
Morning Consult,1.0,a,2022-04-10,43.0,45000.0,49.0,218
RMG Research,0.85,rv,2022-04-09,40.0,1200.0,55.0,555
Morning Consult,1.0,a,2022-04-09,43.0,45000.0,49.0,218
TIPP,1.3,a,2022-04-08,42.0,1305.0,43.0,144
Engine Insights,1.0,rv,2022-04-08,39.9,814.0,54.3,37
YouGov,0.93,a,2022-04-08,42.0,2062.0,58.0,391
Morning Consult,1.0,a,2022-04-08,44.0,45000.0,48.0,218
Rasmussen (Pulse Opinion Research),0.93,lv,2022-04-07,41.0,1500.0,57.0,277
Morning Consult,1.0,a,2022-04-07,44.0,45000.0,48.0,218
RMG Research,0.85,rv,2022-04-06,43.0,1200.0,51.0,555
Rasmussen (Pulse Opinion Research),0.93,lv,2022-04-06,43.0,1500.0,55.0,277
Morning Consult,1.0,a,2022-04-06,44.0,45000.0,48.0,218
Ipsos,1.05,a,2022-04-05,45.11,1001.0,50.15,154
Rasmussen (Pulse Opinion Research),0.93,lv,2022-04-05,42.0,1500.0,56.0,277
YouGov,0.93,rv,2022-04-05,43.0,1287.0,50.0,391
Morning Consult,1.0,a,2022-04-05,44.0,45000.0,48.0,218
Morning Consult,1.0,rv,2022-04-04,42.0,2003.0,55.0,218
Data for Progress,0.93,lv,2022-04-04,44.0,1253.0,54.0,522
Rasmussen (Pulse Opinion Research),0.93,lv,2022-04-04,42.0,1500.0,56.0,277
YouGov,0.93,rv,2022-04-04,43.0,1233.0,53.0,391
Quinnipiac,1.0,rv,2022-04-04,40.0,1280.0,54.0,267
Global Strategy Group/GBAO/Navigator Research,0.9,rv,2022-04-04,45.0,998.0,52.0,413
Morning Consult,1.0,a,2022-04-04,44.0,45000.0,48.0,218
Redfield & Wilton Strategies,0.3,rv,2022-04-03,39.0,1500.0,48.0,562
RMG Research,0.85,rv,2022-04-03,39.0,1200.0,53.0,555
Rasmussen (Pulse Opinion Research),0.93,lv,2022-04-03,42.0,1500.0,56.0,277
Morning Consult,1.0,a,2022-04-03,44.0,45000.0,49.0,218
RMG Research,0.85,rv,2022-04-02,41.0,1200.0,53.0,555
Morning Consult,1.0,a,2022-04-02,43.0,45000.0,49.0,218
Morning Consult,1.0,rv,2022-04-01,43.0,2005.0,53.0,218
Morning Consult,1.0,a,2022-04-01,43.0,45000.0,50.0,218
Morning Consult,1.0,a,2022-03-31,40.0,2210.0,54.0,218
Rasmussen (Pulse Opinion Research),0.93,lv,2022-03-31,40.0,1500.0,58.0,277
Morning Consult,1.0,rv,2022-03-31,42.0,2005.0,55.0,218
Climate Nexus,0.6,rv,2022-03-31,44.0,1965.0,53.0,506
Morning Consult,1.0,a,2022-03-31,42.0,45000.0,50.0,218
RMG Research,0.85,rv,2022-03-30,40.0,1200.0,56.0,555
Rasmussen (Pulse Opinion Research),0.93,lv,2022-03-30,42.0,1500.0,57.0,277
Morning Consult,1.0,a,2022-03-30,42.0,45000.0,50.0,218
Ipsos,1.05,a,2022-03-29,41.99,1005.0,52.04,154
Rasmussen (Pulse Opinion Research),0.93,lv,2022-03-29,41.0,1500.0,58.0,277
YouGov,0.93,rv,2022-03-29,45.0,1313.0,49.0,391
Morning Consult,1.0,a,2022-03-29,42.0,45000.0,50.0,218
Marist,1.0,rv,2022-03-29,39.0,1046.0,55.0,183
Rasmussen (Pulse Opinion Research),0.93,lv,2022-03-28,43.0,1500.0,56.0,277
Quinnipiac,1.0,rv,2022-03-28,38.0,1286.0,55.0,267
Morning Consult,1.0,a,2022-03-28,42.0,45000.0,51.0,218
Morning Consult,1.0,rv,2022-03-27,42.0,2006.0,54.0,218
Research Co.,1.0,a,2022-03-27,42.0,1000.0,52.0,449
Engine Insights,1.0,rv,2022-03-27,46.8,839.0,49.9,37
RMG Research,0.85,rv,2022-03-27,42.0,1200.0,53.0,555
Rasmussen (Pulse Opinion Research),0.93,lv,2022-03-27,43.0,1500.0,56.0,277
Morning Consult,1.0,a,2022-03-27,42.0,45000.0,50.0,218
Morning Consult,1.0,a,2022-03-26,41.0,45000.0,51.0,218
co/efficient,1.08,lv,2022-03-25,37.0,963.0,56.0,514
Morning Consult,1.0,a,2022-03-25,41.0,45000.0,50.0,218
Harris Poll,1.05,rv,2022-03-24,39.0,1990.0,55.0,133
Momentive,0.75,a,2022-03-24,45.0,3953.0,52.0,324
Rasmussen (Pulse Opinion Research),0.93,lv,2022-03-24,42.0,1500.0,57.0,277
Morning Consult,1.0,a,2022-03-24,41.0,45000.0,51.0,218
Marquette Law School,1.08,a,2022-03-24,44.0,1004.0,55.0,195
Rasmussen (Pulse Opinion Research),0.93,lv,2022-03-23,41.0,1500.0,58.0,277
Morning Consult,1.0,a,2022-03-23,41.0,45000.0,50.0,218
Ipsos,1.05,a,2022-03-22,39.96,1005.0,54.43,154
NewsNation/Decision Desk HQ,0.6,rv,2022-03-22,44.03,1086.0,55.97,696
Rasmussen (Pulse Opinion Research),0.93,lv,2022-03-22,42.0,1500.0,57.0,277
YouGov,0.93,rv,2022-03-22,45.0,1270.0,49.0,391
Hart Research Associates/Public Opinion Strategies,1.1,rv,2022-03-22,41.0,790.0,54.0,221
McLaughlin,0.4,lv,2022-03-22,41.0,1000.0,57.0,203
Morning Consult,1.0,a,2022-03-22,41.0,45000.0,50.0,218
Morning Consult,1.0,rv,2022-03-21,42.0,2005.0,55.0,218
Echelon Insights,0.9,lv,2022-03-21,45.0,1050.0,53.0,407
Beacon Research/Shaw & Company,1.0,rv,2022-03-21,45.0,1004.0,54.0,103
Morning Consult,1.0,a,2022-03-21,38.0,2211.0,56.0,218
Rasmussen (Pulse Opinion Research),0.93,lv,2022-03-21,41.0,1500.0,58.0,277
AP-NORC,0.6,a,2022-03-21,43.0,1082.0,56.0,397
Morning Consult,1.0,a,2022-03-21,41.0,45000.0,51.0,218
U. Massachusetts - Lowell,1.0,a,2022-03-21,43.0,1000.0,57.0,355
Hofstra University,0.6,rv,2022-03-21,42.67,2000.0,57.33,558
Redfield & Wilton Strategies,0.3,rv,2022-03-20,39.0,1500.0,45.0,562
Emerson College Polling Society,1.05,rv,2022-03-20,42.7,1023.0,48.6,88
Léger,0.9,a,2022-03-20,47.0,1000.0,51.0,572
American Research Group,0.75,rv,2022-03-20,46.0,994.0,50.0,9
Global Strategy Group/GBAO/Navigator Research,0.9,rv,2022-03-20,44.0,1000.0,52.0,413
Rasmussen (Pulse Opinion Research),0.93,lv,2022-03-20,40.0,1500.0,58.0,277
Selzer,1.3,a,2022-03-20,34.0,1002.0,52.0,304
Morning Consult,1.0,a,2022-03-20,41.0,45000.0,51.0,218
Morning Consult,1.0,a,2022-03-19,41.0,45000.0,51.0,218
Morning Consult,1.0,a,2022-03-18,41.0,4419.0,54.0,218
Morning Consult,1.0,a,2022-03-18,41.0,45000.0,51.0,218
Gallup,1.05,a,2022-03-18,42.0,1017.0,54.0,112
Rasmussen (Pulse Opinion Research),0.93,lv,2022-03-17,38.0,1500.0,60.0,277
Morning Consult,1.0,a,2022-03-17,43.0,2210.0,53.0,218
Morning Consult,1.0,a,2022-03-17,41.0,45000.0,51.0,218
Rasmussen (Pulse Opinion Research),0.93,lv,2022-03-16,41.0,1500.0,58.0,277
Morning Consult,1.0,a,2022-03-16,41.0,45000.0,51.0,218
Ipsos,1.05,a,2022-03-15,42.66,1005.0,53.46,154
Rasmussen (Pulse Opinion Research),0.93,lv,2022-03-15,42.0,1500.0,57.0,277
YouGov,0.93,rv,2022-03-15,41.0,1292.0,53.0,391
Morning Consult,1.0,a,2022-03-15,41.0,45000.0,51.0,218
Winston,0.9,rv,2022-03-14,44.0,1000.0,48.0,385
Morning Consult,1.0,rv,2022-03-14,41.0,2005.0,56.0,218
Morning Consult,1.0,a,2022-03-14,40.0,2210.0,54.0,218
Rasmussen (Pulse Opinion Research),0.93,lv,2022-03-14,42.0,1500.0,56.0,277
YouGov,0.93,rv,2022-03-14,45.0,1225.0,53.0,391
Quinnipiac,1.0,rv,2022-03-14,40.0,1754.0,53.0,267
Monmouth U.,1.0,rv,2022-03-14,39.0,746.0,55.0,215
Morning Consult,1.0,a,2022-03-14,41.0,45000.0,51.0,218
SocialSphere,0.6,rv,2022-03-14,41.0,6565.0,54.0,307
Rasmussen (Pulse Opinion Research),0.93,lv,2022-03-13,40.0,1500.0,58.0,277
Pew,0.9,a,2022-03-13,43.0,10441.0,55.0,253
Morning Consult,1.0,a,2022-03-13,41.0,45000.0,51.0,218
Morning Consult,1.0,a,2022-03-12,42.0,45000.0,51.0,218
Saint Leo U.,0.3,a,2022-03-12,44.8,1000.0,53.0,299
Engine Insights,1.0,rv,2022-03-11,42.2,823.0,53.3,37
YouGov,0.93,a,2022-03-11,43.0,2088.0,57.0,391
Morning Consult,1.0,a,2022-03-11,42.0,45000.0,50.0,218
Rasmussen (Pulse Opinion Research),0.93,lv,2022-03-10,41.0,1500.0,58.0,277
Morning Consult,1.0,a,2022-03-10,42.0,45000.0,50.0,218
Trafalgar Group,1.05,lv,2022-03-09,41.8,1080.0,52.4,338
Rasmussen (Pulse Opinion Research),0.93,lv,2022-03-09,39.0,1500.0,60.0,277
Morning Consult,1.0,a,2022-03-09,42.0,45000.0,50.0,218
Schoen Cooperman,0.9,lv,2022-03-09,45.0,800.0,54.0,301
Momentive,0.75,a,2022-03-09,45.0,16901.0,54.0,324
Redfield & Wilton Strategies,0.3,rv,2022-03-08,37.0,1500.0,47.0,562
Ipsos,1.05,a,2022-03-08,44.92,1005.0,48.7,154
InsiderAdvantage,0.93,lv,2022-03-08,42.0,750.0,54.0,243
Rasmussen (Pulse Opinion Research),0.93,lv,2022-03-08,41.0,1500.0,57.0,277
YouGov,0.93,rv,2022-03-08,45.0,1227.0,49.0,391
Morning Consult,1.0,a,2022-03-08,42.0,45000.0,50.0,218
Morning Consult,1.0,rv,2022-03-07,46.0,2005.0,51.0,218
Rasmussen (Pulse Opinion Research),0.93,lv,2022-03-07,41.0,1500.0,58.0,277
Global Strategy Group/GBAO/Navigator Research,0.9,rv,2022-03-07,45.0,1000.0,53.0,413
Fabrizio/Impact,0.6,rv,2022-03-07,42.0,1500.0,57.0,694
Morning Consult,1.0,a,2022-03-07,42.0,45000.0,50.0,218
Quinnipiac,1.0,rv,2022-03-06,40.0,1234.0,51.0,267
Morning Consult,1.0,rv,2022-03-06,45.0,2005.0,51.0,218
Léger,0.9,a,2022-03-06,48.0,1003.0,49.0,572
Rasmussen (Pulse Opinion Research),0.93,lv,2022-03-06,44.0,1500.0,54.0,277
Morning Consult,1.0,a,2022-03-06,42.0,45000.0,50.0,218
Morning Consult,1.0,a,2022-03-05,45.0,4420.0,50.0,218
Morning Consult,1.0,a,2022-03-05,42.0,45000.0,50.0,218
TIPP,1.3,a,2022-03-04,39.0,1318.0,47.0,144
Morning Consult,1.0,a,2022-03-04,42.0,45000.0,50.0,218
Rasmussen (Pulse Opinion Research),0.93,lv,2022-03-03,42.0,1500.0,55.0,277
"Cor Services, Inc.",0.6,lv,2022-03-03,47.0,524.0,48.0,688
Morning Consult,1.0,a,2022-03-03,42.0,45000.0,50.0,218
Marist,1.0,rv,2022-03-02,47.0,1237.0,51.0,183
Rasmussen (Pulse Opinion Research),0.93,lv,2022-03-02,44.0,1500.0,54.0,277
Morning Consult,1.0,a,2022-03-02,42.0,45000.0,50.0,218
Ipsos,1.05,a,2022-03-01,42.59,1005.0,54.06,154
Rasmussen (Pulse Opinion Research),0.93,lv,2022-03-01,42.0,1500.0,56.0,277
YouGov,0.93,rv,2022-03-01,44.0,1205.0,49.0,391
Morning Consult,1.0,a,2022-03-01,42.0,45000.0,50.0,218
YouGov,0.93,a,2022-02-28,44.0,2238.0,56.0,391
Rasmussen (Pulse Opinion Research),0.93,lv,2022-02-28,41.0,1500.0,57.0,277
Morning Consult,1.0,a,2022-02-28,42.0,45000.0,50.0,218
Morning Consult,1.0,a,2022-02-27,42.0,2210.0,54.0,218
Morning Consult,1.0,rv,2022-02-27,41.0,2004.0,56.0,218
Quinnipiac,1.0,rv,2022-02-27,38.0,1223.0,52.0,267
YouGov,0.93,rv,2022-02-27,41.0,1168.0,55.0,391
Rasmussen (Pulse Opinion Research),0.93,lv,2022-02-27,40.0,1500.0,59.0,277
Morning Consult,1.0,a,2022-02-27,42.0,45000.0,50.0,218
Morning Consult,1.0,rv,2022-02-26,44.0,2002.0,54.0,218
Morning Consult,1.0,a,2022-02-26,42.0,45000.0,50.0,218
YouGov Blue,0.6,rv,2022-02-25,41.0,1007.0,55.0,511
Engine Insights,1.0,rv,2022-02-25,42.6,811.0,50.3,37
Morning Consult,1.0,a,2022-02-25,42.0,45000.0,50.0,218
Morning Consult,1.0,rv,2022-02-24,47.0,1717.0,51.0,218
Harris Poll,1.05,rv,2022-02-24,38.0,2026.0,55.0,133
NewsNation/Decision Desk HQ,0.6,rv,2022-02-24,42.8,1046.0,57.2,696
Rasmussen (Pulse Opinion Research),0.93,lv,2022-02-24,40.0,1500.0,58.0,277
ABC/Washington Post,1.2,a,2022-02-24,37.0,1011.0,55.0,3
Morning Consult,1.0,a,2022-02-24,42.0,45000.0,50.0,218
Redfield & Wilton Strategies,0.3,rv,2022-02-23,39.0,1500.0,41.0,562
Ipsos,1.05,a,2022-02-23,43.07,1004.0,53.07,154
Rasmussen (Pulse Opinion Research),0.93,lv,2022-02-23,42.0,1500.0,57.0,277
Echelon Insights,0.9,rv,2022-02-23,44.0,1078.0,53.0,407
Bullfinch,0.6,rv,2022-02-23,45.0,1044.0,52.0,692
Morning Consult,1.0,a,2022-02-23,42.0,45000.0,50.0,218
Rasmussen (Pulse Opinion Research),0.93,lv,2022-02-22,45.0,1500.0,55.0,277
YouGov,0.93,rv,2022-02-22,44.0,1290.0,50.0,391
Beacon Research/Shaw & Company,1.0,rv,2022-02-22,43.0,1001.0,56.0,103
Global Strategy Group/GBAO/Navigator Research,0.9,rv,2022-02-22,43.0,1770.0,55.0,413
Morning Consult,1.0,a,2022-02-22,42.0,45000.0,50.0,218
McLaughlin,0.4,lv,2022-02-22,41.0,1000.0,57.0,203
Morning Consult,1.0,rv,2022-02-21,45.0,2005.0,53.0,218
AP-NORC,0.6,a,2022-02-21,44.0,1289.0,55.0,397
Rasmussen (Pulse Opinion Research),0.93,lv,2022-02-21,46.0,1500.0,53.0,277
Morning Consult,1.0,a,2022-02-21,42.0,45000.0,50.0,218
Marist,1.0,rv,2022-02-21,40.0,1079.0,55.0,183
Emerson College Polling Society,1.05,rv,2022-02-20,42.0,1138.0,49.7,88
Morning Consult,1.0,rv,2022-02-20,45.0,2005.0,51.0,218
Morning Consult,1.0,rv,2022-02-20,44.0,4009.0,53.0,218
Morning Consult,1.0,rv,2022-02-20,44.0,2005.0,52.0,218
American Research Group,0.75,rv,2022-02-20,45.0,995.0,51.0,9
Rasmussen (Pulse Opinion Research),0.93,lv,2022-02-20,45.0,1500.0,54.0,277
Suffolk,1.0,rv,2022-02-20,39.4,1000.0,56.6,323
Morning Consult,1.0,a,2022-02-20,42.0,45000.0,50.0,218
Morning Consult,1.0,a,2022-02-19,41.0,45000.0,50.0,218
YouGov,0.93,a,2022-02-18,43.0,2484.0,57.0,391
Morning Consult,1.0,a,2022-02-18,41.0,45000.0,50.0,218
Rasmussen (Pulse Opinion Research),0.93,lv,2022-02-17,43.0,1500.0,56.0,277
Morning Consult,1.0,a,2022-02-17,41.0,45000.0,50.0,218
Tarrance,0.93,rv,2022-02-17,41.0,800.0,53.0,333
Gallup,1.05,a,2022-02-17,41.0,1008.0,55.0,112
Winston,0.9,rv,2022-02-16,43.0,1000.0,47.0,385
Rasmussen (Pulse Opinion Research),0.93,lv,2022-02-16,41.0,1500.0,58.0,277
Trafalgar Group,1.05,lv,2022-02-16,39.1,1078.0,58.2,338
Morning Consult,1.0,a,2022-02-16,41.0,45000.0,50.0,218
Ipsos,1.05,a,2022-02-15,44.26,1005.0,50.81,154
Rasmussen (Pulse Opinion Research),0.93,lv,2022-02-15,41.0,1500.0,58.0,277
YouGov,0.93,rv,2022-02-15,42.0,1231.0,52.0,391
Morning Consult,1.0,a,2022-02-15,41.0,45000.0,50.0,218
Rasmussen (Pulse Opinion Research),0.93,lv,2022-02-14,40.0,1500.0,59.0,277
Quinnipiac,1.0,rv,2022-02-14,37.0,1172.0,56.0,267
Morning Consult,1.0,a,2022-02-14,41.0,45000.0,50.0,218
Morning Consult,1.0,rv,2022-02-13,43.0,2005.0,53.0,218
Morning Consult,1.0,a,2022-02-13,42.0,2210.0,52.0,218
Rasmussen (Pulse Opinion Research),0.93,lv,2022-02-13,42.0,1500.0,57.0,277
Morning Consult,1.0,a,2022-02-13,42.0,45000.0,50.0,218
Morning Consult,1.0,a,2022-02-12,42.0,45000.0,50.0,218
Engine Insights,1.0,rv,2022-02-11,43.6,813.0,52.2,37
YouGov,0.93,a,2022-02-11,44.0,2578.0,56.0,391
Morning Consult,1.0,a,2022-02-11,42.0,45000.0,50.0,218
Morning Consult,1.0,a,2022-02-10,44.0,2210.0,51.0,218
Rasmussen (Pulse Opinion Research),0.93,lv,2022-02-10,42.0,1500.0,56.0,277
Morning Consult,1.0,a,2022-02-10,41.0,45000.0,50.0,218
Rasmussen (Pulse Opinion Research),0.93,lv,2022-02-09,43.0,1500.0,55.0,277
Morning Consult,1.0,a,2022-02-09,41.0,45000.0,51.0,218
Susquehanna,0.93,lv,2022-02-09,42.0,800.0,52.0,326
Ipsos,1.05,a,2022-02-08,43.18,1005.0,50.65,154
Rasmussen (Pulse Opinion Research),0.93,lv,2022-02-08,40.0,1500.0,58.0,277
YouGov,0.93,rv,2022-02-08,41.0,1255.0,51.0,391
POS,1.0,rv,2022-02-08,43.0,1000.0,54.0,260
Morning Consult,1.0,a,2022-02-08,41.0,45000.0,51.0,218
Morning Consult,1.0,rv,2022-02-07,43.0,2005.0,55.0,218
Rasmussen (Pulse Opinion Research),0.93,lv,2022-02-07,41.0,1500.0,57.0,277
YouGov,0.93,rv,2022-02-07,45.0,1230.0,51.0,391
Global Strategy Group/GBAO/Navigator Research,0.9,rv,2022-02-07,43.0,1000.0,55.0,413
SurveyMonkey,0.75,a,2022-02-07,44.0,7590.0,53.0,324
Morning Consult,1.0,a,2022-02-07,41.0,45000.0,51.0,218
Ipsos,1.05,a,2022-02-07,45.0,4404.0,52.0,154
Redfield & Wilton Strategies,0.3,rv,2022-02-06,38.0,1500.0,48.0,562
Morning Consult,1.0,rv,2022-02-06,41.0,2005.0,55.0,218
Léger,0.9,a,2022-02-06,42.0,1005.0,55.0,572
Morning Consult,1.0,a,2022-02-06,45.0,2209.0,51.0,218
Rasmussen (Pulse Opinion Research),0.93,lv,2022-02-06,43.0,1500.0,56.0,277
Morning Consult,1.0,a,2022-02-06,41.0,45000.0,51.0,218
SSRS,0.65,rv,2022-02-06,42.0,1257.0,57.0,297
Morning Consult,1.0,a,2022-02-05,40.0,45000.0,51.0,218
TIPP,1.3,a,2022-02-04,38.0,1355.0,48.0,144
Morning Consult,1.0,a,2022-02-04,41.0,45000.0,51.0,218
Ipsos,1.05,a,2022-02-03,40.6,1005.0,56.29,154
Rasmussen (Pulse Opinion Research),0.93,lv,2022-02-03,43.0,1500.0,55.0,277
Morning Consult,1.0,a,2022-02-03,41.0,45000.0,51.0,218
Morning Consult,1.0,a,2022-02-02,42.0,2210.0,52.0,218
Rasmussen (Pulse Opinion Research),0.93,lv,2022-02-02,41.0,1500.0,57.0,277
Morning Consult,1.0,a,2022-02-02,41.0,45000.0,51.0,218
Rasmussen (Pulse Opinion Research),0.93,lv,2022-02-01,39.0,1500.0,59.0,277
YouGov,0.93,rv,2022-02-01,45.0,1273.0,49.0,391
Morning Consult,1.0,a,2022-02-01,41.0,45000.0,51.0,218
Rasmussen (Pulse Opinion Research),0.93,lv,2022-01-31,39.0,1500.0,59.0,277
Morning Consult,1.0,a,2022-01-31,41.0,45000.0,51.0,218
Morning Consult,1.0,rv,2022-01-30,43.0,2005.0,54.0,218
Rasmussen (Pulse Opinion Research),0.93,lv,2022-01-30,41.0,1500.0,57.0,277
Morning Consult,1.0,a,2022-01-30,41.0,45000.0,51.0,218
PPP,1.0,rv,2022-01-29,40.0,662.0,49.0,263
Morning Consult,1.0,a,2022-01-29,41.0,45000.0,51.0,218
Engine Insights,1.0,rv,2022-01-28,42.5,808.0,54.3,37
Morning Consult,1.0,a,2022-01-28,41.0,45000.0,51.0,218
Ipsos,1.05,a,2022-01-27,45.32,1002.0,50.48,154
Rasmussen (Pulse Opinion Research),0.93,lv,2022-01-27,41.0,1500.0,57.0,277
Morning Consult,1.0,a,2022-01-27,41.0,45000.0,50.0,218
Rasmussen (Pulse Opinion Research),0.93,lv,2022-01-26,42.0,1500.0,57.0,277
Morning Consult,1.0,a,2022-01-26,42.0,45000.0,50.0,218
Rasmussen (Pulse Opinion Research),0.93,lv,2022-01-25,39.0,1500.0,60.0,277
YouGov,0.93,rv,2022-01-25,41.0,1249.0,51.0,391
Morning Consult,1.0,a,2022-01-25,42.0,45000.0,50.0,218
Zogby,0.85,lv,2022-01-24,44.3,897.0,49.0,395
Rasmussen (Pulse Opinion Research),0.93,lv,2022-01-24,40.0,1500.0,59.0,277
Monmouth U.,1.0,rv,2022-01-24,38.0,735.0,55.0,215
Global Strategy Group/GBAO/Navigator Research,0.9,rv,2022-01-24,46.0,1000.0,52.0,413
YouGov,0.93,rv,2022-01-24,41.0,1189.0,54.0,391
Morning Consult,1.0,a,2022-01-24,42.0,45000.0,50.0,218
Momentive,0.75,a,2022-01-24,45.0,12136.0,53.0,324
Morning Consult,1.0,rv,2022-01-23,41.0,2005.0,56.0,218
Morning Consult,1.0,rv,2022-01-23,42.0,2005.0,55.0,218
Morning Consult,1.0,a,2022-01-23,43.0,2211.0,50.0,218
Morning Consult,1.0,a,2022-01-23,41.0,2210.0,53.0,218
InsiderAdvantage,0.93,lv,2022-01-23,40.0,850.0,59.0,243
Echelon Insights,0.9,rv,2022-01-23,46.0,1029.0,52.0,407
Léger,0.9,a,2022-01-23,42.0,1000.0,56.0,572
Rasmussen (Pulse Opinion Research),0.93,lv,2022-01-23,40.0,1500.0,59.0,277
Morning Consult,1.0,a,2022-01-23,42.0,45000.0,50.0,218
Morning Consult,1.0,a,2022-01-22,43.0,45000.0,49.0,218
Morning Consult,1.0,a,2022-01-21,43.0,45000.0,49.0,218
Marquette Law School,1.08,a,2022-01-21,46.0,1000.0,53.0,195
Ipsos,1.05,a,2022-01-20,43.27,1004.0,51.55,154
Harris Poll,1.05,rv,2022-01-20,39.0,1815.0,53.0,133
Rasmussen (Pulse Opinion Research),0.93,lv,2022-01-20,41.0,1500.0,58.0,277
American Research Group,0.75,rv,2022-01-20,43.0,994.0,53.0,9
Morning Consult,1.0,a,2022-01-20,43.0,45000.0,49.0,218
RMG Research,0.85,rv,2022-01-19,42.0,1200.0,52.0,555
Rasmussen (Pulse Opinion Research),0.93,lv,2022-01-19,40.0,1500.0,58.0,277
Beacon Research/Shaw & Company,1.0,rv,2022-01-19,47.0,1001.0,52.0,103
Morning Consult,1.0,a,2022-01-19,43.0,45000.0,49.0,218
Rasmussen (Pulse Opinion Research),0.93,lv,2022-01-18,41.0,1500.0,58.0,277
YouGov,0.93,rv,2022-01-18,42.0,1162.0,53.0,391
Hart Research Associates/Public Opinion Strategies,1.1,rv,2022-01-18,44.0,790.0,54.0,221
McLaughlin,0.4,lv,2022-01-18,41.0,1000.0,57.0,203
AP-NORC,0.6,a,2022-01-18,43.0,1161.0,56.0,397
Morning Consult,1.0,a,2022-01-18,43.0,45000.0,49.0,218
Echelon Insights,0.9,rv,2022-01-17,45.0,1000.0,52.0,407
Rasmussen (Pulse Opinion Research),0.93,lv,2022-01-17,41.0,1500.0,58.0,277
Morning Consult,1.0,a,2022-01-17,43.0,45000.0,49.0,218
Pew,0.9,a,2022-01-17,41.0,5128.0,56.0,253
Morning Consult,1.0,rv,2022-01-16,40.0,2005.0,56.0,218
Morning Consult,1.0,a,2022-01-16,41.0,2210.0,52.0,218
Morning Consult,1.0,a,2022-01-16,43.0,4411.0,52.0,218
Rasmussen (Pulse Opinion Research),0.93,lv,2022-01-16,39.0,1500.0,60.0,277
Morning Consult,1.0,a,2022-01-16,43.0,45000.0,49.0,218
Gallup,1.05,a,2022-01-16,40.0,811.0,56.0,112
Morning Consult,1.0,a,2022-01-15,44.0,2210.0,51.0,218
Morning Consult,1.0,a,2022-01-15,44.0,2211.0,49.0,218
RMG Research,0.85,rv,2022-01-15,44.0,1200.0,50.0,555
Trafalgar Group,1.05,lv,2022-01-15,38.7,1083.0,59.2,338
Morning Consult,1.0,a,2022-01-15,43.0,45000.0,49.0,218
YouGov Blue,0.6,rv,2022-01-14,40.0,1055.0,55.0,511
YouGov,0.93,a,2022-01-14,44.0,2094.0,56.0,391
Morning Consult,1.0,a,2022-01-14,44.0,2210.0,50.0,218
Engine Insights,1.0,rv,2022-01-14,44.0,831.0,51.8,37
Morning Consult,1.0,a,2022-01-14,43.0,45000.0,49.0,218
Ipsos,1.05,a,2022-01-13,44.75,1005.0,49.55,154
Rasmussen (Pulse Opinion Research),0.93,lv,2022-01-13,38.0,1500.0,60.0,277
Morning Consult,1.0,a,2022-01-13,43.0,45000.0,48.0,218
RMG Research,0.85,rv,2022-01-12,40.0,1200.0,53.0,555
Rasmussen (Pulse Opinion Research),0.93,lv,2022-01-12,39.0,1500.0,59.0,277
Morning Consult,1.0,a,2022-01-12,43.0,45000.0,49.0,218
Rasmussen (Pulse Opinion Research),0.93,lv,2022-01-11,40.0,1500.0,58.0,277
YouGov,0.93,rv,2022-01-11,45.0,1258.0,51.0,391
Morning Consult,1.0,a,2022-01-11,43.0,45000.0,49.0,218
NewsNation/Decision Desk HQ,0.6,rv,2022-01-10,42.1,1013.0,57.7,696
Quinnipiac,1.0,rv,2022-01-10,35.0,1178.0,54.0,267
Rasmussen (Pulse Opinion Research),0.93,lv,2022-01-10,40.0,1500.0,59.0,277
Global Strategy Group/GBAO/Navigator Research,0.9,rv,2022-01-10,47.0,1000.0,51.0,413
Morning Consult,1.0,a,2022-01-10,43.0,45000.0,49.0,218
Morning Consult,1.0,rv,2022-01-09,44.0,2000.0,53.0,218
Morning Consult,1.0,a,2022-01-09,43.0,2200.0,51.0,218
Redfield & Wilton Strategies,0.3,rv,2022-01-09,39.0,1500.0,44.0,562
Morning Consult,1.0,a,2022-01-09,45.0,2201.0,49.0,218
Rasmussen (Pulse Opinion Research),0.93,lv,2022-01-09,41.0,1500.0,59.0,277
TIPP,1.3,a,2022-01-09,44.0,1308.0,45.0,144
Morning Consult,1.0,a,2022-01-09,43.0,45000.0,49.0,218
Morning Consult,1.0,a,2022-01-08,43.0,45000.0,49.0,218
RMG Research,0.85,rv,2022-01-07,41.0,1200.0,52.0,555
Morning Consult,1.0,a,2022-01-07,43.0,45000.0,49.0,218
Ipsos,1.05,a,2022-01-06,45.15,1000.0,50.55,154
Rasmussen (Pulse Opinion Research),0.93,lv,2022-01-06,41.0,1500.0,58.0,277
Morning Consult,1.0,a,2022-01-06,43.0,45000.0,49.0,218
Morning Consult,1.0,a,2022-01-05,43.0,2200.0,50.0,218
Rasmussen (Pulse Opinion Research),0.93,lv,2022-01-05,43.0,1500.0,57.0,277
Morning Consult,1.0,a,2022-01-05,42.0,45000.0,50.0,218
RMG Research,0.85,rv,2022-01-04,42.0,1200.0,50.0,555
YouGov,0.93,rv,2022-01-04,43.0,1201.0,51.0,391
Rasmussen (Pulse Opinion Research),0.93,lv,2022-01-04,41.0,1500.0,58.0,277
Winston,0.9,rv,2022-01-04,46.0,1000.0,44.0,385
Morning Consult,1.0,a,2022-01-04,42.0,45000.0,50.0,218
Rasmussen (Pulse Opinion Research),0.93,lv,2022-01-03,40.0,1500.0,58.0,277
Morning Consult,1.0,a,2022-01-03,42.0,45000.0,50.0,218
Rasmussen (Pulse Opinion Research),0.93,lv,2022-01-02,40.0,1500.0,59.0,277
Morning Consult,1.0,a,2022-01-02,42.0,45000.0,50.0,218
Morning Consult,1.0,a,2022-01-01,43.0,45000.0,50.0,218
Morning Consult,1.0,a,2021-12-31,43.0,45000.0,49.0,218
Rasmussen (Pulse Opinion Research),0.93,lv,2021-12-30,42.0,1500.0,57.0,277
Suffolk,1.0,rv,2021-12-30,40.2,1000.0,54.3,323
Morning Consult,1.0,a,2021-12-30,43.0,45000.0,49.0,218
Morning Consult,1.0,rv,2021-12-29,43.0,2000.0,54.0,218
Rasmussen (Pulse Opinion Research),0.93,lv,2021-12-29,43.0,1500.0,56.0,277
Morning Consult,1.0,a,2021-12-29,44.0,45000.0,49.0,218
Rasmussen (Pulse Opinion Research),0.93,lv,2021-12-28,41.0,1500.0,58.0,277
Morning Consult,1.0,a,2021-12-28,44.0,45000.0,49.0,218
Rasmussen (Pulse Opinion Research),0.93,lv,2021-12-27,41.0,1500.0,58.0,277
Morning Consult,1.0,a,2021-12-27,44.0,45000.0,48.0,218
Rasmussen (Pulse Opinion Research),0.93,lv,2021-12-26,40.0,1500.0,58.0,277
Morning Consult,1.0,a,2021-12-26,44.0,45000.0,49.0,218
Morning Consult,1.0,a,2021-12-25,44.0,45000.0,48.0,218
Morning Consult,1.0,a,2021-12-24,45.0,45000.0,48.0,218
Morning Consult,1.0,a,2021-12-23,45.0,45000.0,48.0,218
RMG Research,0.85,rv,2021-12-22,41.0,1200.0,53.0,555
Zogby,0.85,lv,2021-12-22,49.7,1311.0,48.4,395
Rasmussen (Pulse Opinion Research),0.93,lv,2021-12-22,41.0,1500.0,57.0,277
Morning Consult,1.0,a,2021-12-22,44.0,45000.0,49.0,218
YouGov,0.93,rv,2021-12-21,42.0,1315.0,50.0,391
Rasmussen (Pulse Opinion Research),0.93,lv,2021-12-21,42.0,1500.0,57.0,277
Trafalgar Group,1.05,lv,2021-12-21,40.4,1073.0,55.9,338
Morning Consult,1.0,a,2021-12-21,45.0,45000.0,48.0,218
Morning Consult,1.0,rv,2021-12-20,43.0,1998.0,53.0,218
Morning Consult,1.0,rv,2021-12-20,44.0,2000.0,52.0,218
American Research Group,0.75,rv,2021-12-20,46.0,993.0,49.0,9
Change Research,0.85,rv,2021-12-20,44.0,1895.0,56.0,48
Rasmussen (Pulse Opinion Research),0.93,lv,2021-12-20,42.0,1500.0,57.0,277
YouGov,0.93,a,2021-12-20,41.0,1000.0,53.0,391
Morning Consult,1.0,a,2021-12-20,45.0,45000.0,48.0,218
InsiderAdvantage,0.93,rv,2021-12-19,41.0,750.0,58.0,243
Morning Consult,1.0,rv,2021-12-19,47.0,2000.0,50.0,218
Rasmussen (Pulse Opinion Research),0.93,lv,2021-12-19,41.0,1500.0,57.0,277
Morning Consult,1.0,a,2021-12-19,45.0,45000.0,48.0,218
Redfield & Wilton Strategies,0.3,rv,2021-12-18,41.0,1500.0,44.0,562
Morning Consult,1.0,a,2021-12-18,44.0,45000.0,48.0,218
John Zogby Strategies,0.9,lv,2021-12-17,46.3,777.0,52.1,583
RMG Research,0.85,rv,2021-12-17,41.0,1200.0,53.0,555
Ipsos,1.05,a,2021-12-17,48.0,1004.0,46.0,154
Ipsos,1.05,a,2021-12-17,48.0,4407.0,48.0,154
Morning Consult,1.0,a,2021-12-17,44.0,45000.0,48.0,218
Rasmussen (Pulse Opinion Research),0.93,lv,2021-12-16,41.0,1500.0,58.0,277
Morning Consult,1.0,a,2021-12-16,44.0,45000.0,48.0,218
Gallup,1.05,a,2021-12-16,43.0,811.0,51.0,112
RMG Research,0.85,rv,2021-12-15,42.0,1200.0,52.0,555
Rasmussen (Pulse Opinion Research),0.93,lv,2021-12-15,40.0,1500.0,58.0,277
Morning Consult,1.0,a,2021-12-15,44.0,45000.0,48.0,218
YouGov,0.93,rv,2021-12-14,43.0,1267.0,51.0,391
Rasmussen (Pulse Opinion Research),0.93,lv,2021-12-14,42.0,1500.0,56.0,277
Beacon Research/Shaw & Company,1.0,rv,2021-12-14,47.0,1002.0,51.0,103
Morning Consult,1.0,a,2021-12-14,44.0,45000.0,48.0,218
Morning Consult,1.0,rv,2021-12-13,46.0,1998.0,51.0,218
Marist,1.0,rv,2021-12-13,42.0,1310.0,55.0,183
Rasmussen (Pulse Opinion Research),0.93,lv,2021-12-13,41.0,1500.0,57.0,277
Echelon Insights,0.9,rv,2021-12-13,48.0,1020.0,51.0,407
YouGov,0.93,rv,2021-12-13,42.0,1163.0,54.0,391
Morning Consult,1.0,a,2021-12-13,44.0,45000.0,48.0,218
Rasmussen (Pulse Opinion Research),0.93,lv,2021-12-12,43.0,1500.0,56.0,277
SSRS,0.65,rv,2021-12-12,48.0,,52.0,297
Morning Consult,1.0,a,2021-12-12,44.0,45000.0,48.0,218
Morning Consult,1.0,a,2021-12-11,44.0,45000.0,48.0,218
Ipsos,1.05,a,2021-12-10,48.13,1004.0,48.22,154
RMG Research,0.85,rv,2021-12-10,41.0,1200.0,53.0,555
Morning Consult,1.0,a,2021-12-10,44.0,45000.0,49.0,218
Rasmussen (Pulse Opinion Research),0.93,lv,2021-12-09,43.0,1500.0,56.0,277
Morning Consult,1.0,a,2021-12-09,49.0,2200.0,47.0,218
Morning Consult,1.0,a,2021-12-09,44.0,45000.0,49.0,218
Schoen Cooperman,0.9,lv,2021-12-09,46.0,800.0,51.0,301
Rasmussen (Pulse Opinion Research),0.93,lv,2021-12-08,42.0,1500.0,56.0,277
RMG Research,0.85,rv,2021-12-08,45.0,1200.0,49.0,555
Morning Consult,1.0,a,2021-12-08,44.0,45000.0,48.0,218
HarrisX,1.05,rv,2021-12-07,45.0,926.0,50.0,133
Rasmussen (Pulse Opinion Research),0.93,lv,2021-12-07,42.0,1500.0,57.0,277
YouGov,0.93,rv,2021-12-07,42.0,1265.0,53.0,391
Morning Consult,1.0,a,2021-12-07,47.0,2200.0,47.0,218
AP-NORC,0.6,a,2021-12-07,48.0,1089.0,51.0,397
Morning Consult,1.0,a,2021-12-07,44.0,45000.0,48.0,218
McCourtney Institute/YouGov,0.93,a,2021-12-07,45.0,1200.0,55.0,391
Morning Consult,1.0,rv,2021-12-06,45.0,2000.0,51.0,218
Morning Consult,1.0,a,2021-12-06,48.0,2200.0,46.0,218
Global Strategy Group/GBAO/Navigator Research,0.9,rv,2021-12-06,45.0,1000.0,52.0,413
Morning Consult,1.0,a,2021-12-06,47.0,2200.0,49.0,218
Morning Consult,1.0,a,2021-12-06,47.0,2200.0,49.0,218
Rasmussen (Pulse Opinion Research),0.93,lv,2021-12-06,42.0,1500.0,56.0,277
Monmouth U.,1.0,rv,2021-12-06,40.0,753.0,50.0,215
Morning Consult,1.0,a,2021-12-06,50.0,2200.0,46.0,218
Morning Consult,1.0,a,2021-12-06,44.0,45000.0,49.0,218
Marist,1.0,rv,2021-12-06,43.0,1062.0,51.0,183
Redfield & Wilton Strategies,0.3,rv,2021-12-05,37.0,1500.0,45.0,562
Léger,0.9,a,2021-12-05,44.0,1004.0,55.0,572
Rasmussen (Pulse Opinion Research),0.93,lv,2021-12-05,42.0,1500.0,56.0,277
Morning Consult,1.0,a,2021-12-05,44.0,45000.0,49.0,218
TIPP,1.3,a,2021-12-04,43.0,1301.0,43.0,144
Hart Research Associates/Public Opinion Strategies,1.1,a,2021-12-04,41.0,800.0,50.0,221
Morning Consult,1.0,a,2021-12-04,44.0,45000.0,49.0,218
RMG Research,0.85,rv,2021-12-03,46.0,1200.0,48.0,555
Morning Consult,1.0,a,2021-12-03,44.0,45000.0,49.0,218
Ipsos,1.05,a,2021-12-02,45.83,1005.0,48.65,154
Rasmussen (Pulse Opinion Research),0.93,lv,2021-12-02,42.0,1500.0,57.0,277
Harris Poll,1.05,rv,2021-12-02,45.0,1989.0,51.0,133
Morning Consult,1.0,a,2021-12-02,44.0,45000.0,49.0,218
Rasmussen (Pulse Opinion Research),0.93,lv,2021-12-01,43.0,1500.0,56.0,277
"Cor Services, Inc.",0.6,lv,2021-12-01,42.0,523.0,51.0,688
Morning Consult,1.0,a,2021-12-01,44.0,45000.0,49.0,218
Morning Consult,1.0,a,2021-11-30,46.0,2200.0,48.0,218
RMG Research,0.85,rv,2021-11-30,43.0,1200.0,52.0,555
Rasmussen (Pulse Opinion Research),0.93,lv,2021-11-30,43.0,1500.0,56.0,277
Morning Consult,1.0,rv,2021-11-30,45.0,18914.0,52.0,218
YouGov,0.93,rv,2021-11-30,44.0,1272.0,50.0,391
Morning Consult,1.0,a,2021-11-30,44.0,45000.0,49.0,218
Trafalgar Group,1.05,lv,2021-11-29,36.3,1082.0,59.1,338
Rasmussen (Pulse Opinion Research),0.93,lv,2021-11-29,43.0,1500.0,56.0,277
Morning Consult,1.0,a,2021-11-29,44.0,45000.0,48.0,218
Rasmussen (Pulse Opinion Research),0.93,lv,2021-11-28,42.0,1500.0,57.0,277
Morning Consult,1.0,a,2021-11-28,44.0,45000.0,49.0,218
Morning Consult,1.0,a,2021-11-27,46.0,2200.0,49.0,218
Morning Consult,1.0,a,2021-11-27,44.0,45000.0,48.0,218
Morning Consult,1.0,a,2021-11-26,45.0,45000.0,48.0,218
Morning Consult,1.0,a,2021-11-25,45.0,45000.0,48.0,218
Winston,0.9,rv,2021-11-24,42.0,1000.0,47.0,385
Morning Consult,1.0,a,2021-11-24,44.0,45000.0,48.0,218
RMG Research,0.85,rv,2021-11-23,43.0,1200.0,52.0,555
Rasmussen (Pulse Opinion Research),0.93,lv,2021-11-23,41.0,1500.0,58.0,277
YouGov,0.93,rv,2021-11-23,45.0,1249.0,50.0,391
Morning Consult,1.0,a,2021-11-23,44.0,45000.0,48.0,218
Morning Consult,1.0,rv,2021-11-22,44.0,1999.0,52.0,218
Rasmussen (Pulse Opinion Research),0.93,lv,2021-11-22,41.0,1500.0,58.0,277
Global Strategy Group/GBAO/Navigator Research,0.9,rv,2021-11-22,43.0,1000.0,54.0,413
Morning Consult,1.0,a,2021-11-22,44.0,45000.0,48.0,218
Fabrizio/Impact,0.6,rv,2021-11-22,41.0,1500.0,57.0,694
Morning Consult,1.0,a,2021-11-21,47.0,2200.0,47.0,218
Léger,0.9,a,2021-11-21,44.0,1001.0,53.0,572
POS,1.0,rv,2021-11-21,47.0,1000.0,53.0,260
Rasmussen (Pulse Opinion Research),0.93,lv,2021-11-21,41.0,1500.0,58.0,277
Morning Consult,1.0,a,2021-11-21,47.0,2199.0,48.0,218
Morning Consult,1.0,a,2021-11-21,45.0,45000.0,48.0,218
American Research Group,0.75,rv,2021-11-20,44.0,993.0,50.0,9
Morning Consult,1.0,a,2021-11-20,44.0,45000.0,48.0,218
YouGov,0.93,rv,2021-11-19,44.0,1305.0,53.0,391
Marist,1.0,rv,2021-11-19,43.0,969.0,50.0,183
YouGov,0.93,a,2021-11-19,44.0,2058.0,56.0,391
Morning Consult,1.0,a,2021-11-19,44.0,45000.0,49.0,218
Ipsos,1.05,a,2021-11-18,44.49,1003.0,49.06,154
RMG Research,0.85,rv,2021-11-18,44.0,1200.0,52.0,555
Rasmussen (Pulse Opinion Research),0.93,lv,2021-11-18,41.0,1500.0,58.0,277
HarrisX,1.05,rv,2021-11-18,44.0,2787.0,45.0,133
Echelon Insights,0.9,lv,2021-11-18,47.0,839.0,51.0,407
Morning Consult,1.0,a,2021-11-18,44.0,45000.0,49.0,218
Rasmussen (Pulse Opinion Research),0.93,lv,2021-11-17,41.0,1500.0,59.0,277
Beacon Research/Shaw & Company,1.0,rv,2021-11-17,44.0,1003.0,54.0,103
Morning Consult,1.0,a,2021-11-17,44.0,45000.0,49.0,218
RMG Research,0.85,rv,2021-11-16,41.0,1200.0,53.0,555
YouGov,0.93,rv,2021-11-16,43.0,1299.0,51.0,391
Rasmussen (Pulse Opinion Research),0.93,lv,2021-11-16,41.0,1500.0,58.0,277
McLaughlin,0.4,lv,2021-11-16,42.0,1000.0,56.0,203
Morning Consult,1.0,a,2021-11-16,44.0,45000.0,48.0,218
Gallup,1.05,a,2021-11-16,42.0,815.0,55.0,112
Redfield & Wilton Strategies,0.3,rv,2021-11-15,37.0,1500.0,46.0,562
Morning Consult,1.0,rv,2021-11-15,44.0,1998.0,53.0,218
Morning Consult,1.0,a,2021-11-15,43.0,2200.0,50.0,218
Rasmussen (Pulse Opinion Research),0.93,lv,2021-11-15,41.0,1500.0,57.0,277
Quinnipiac,1.0,rv,2021-11-15,38.0,1262.0,53.0,267
Morning Consult,1.0,a,2021-11-15,44.0,45000.0,49.0,218
Morning Consult,1.0,a,2021-11-14,46.0,2200.0,49.0,218
Bullfinch,0.6,rv,2021-11-14,44.0,1000.0,53.0,692
Rasmussen (Pulse Opinion Research),0.93,lv,2021-11-14,43.0,1500.0,56.0,277
Morning Consult,1.0,a,2021-11-14,44.0,45000.0,49.0,218
Morning Consult,1.0,a,2021-11-13,44.0,45000.0,49.0,218
Winston,0.9,rv,2021-11-12,45.0,1000.0,47.0,385
Morning Consult,1.0,a,2021-11-12,44.0,45000.0,48.0,218
Rasmussen (Pulse Opinion Research),0.93,lv,2021-11-11,42.0,1500.0,57.0,277
Morning Consult,1.0,a,2021-11-11,44.0,45000.0,49.0,218
Ipsos,1.05,a,2021-11-10,45.57,1004.0,48.97,154
Rasmussen (Pulse Opinion Research),0.93,lv,2021-11-10,41.0,1500.0,58.0,277
ABC/Washington Post,1.2,rv,2021-11-10,38.0,882.0,57.0,3
Morning Consult,1.0,a,2021-11-10,44.0,45000.0,49.0,218
Marquette Law School,1.08,a,2021-11-10,49.0,1004.0,51.0,195
RMG Research,0.85,rv,2021-11-09,40.0,1200.0,55.0,555
Rasmussen (Pulse Opinion Research),0.93,lv,2021-11-09,40.0,1500.0,59.0,277
YouGov,0.93,rv,2021-11-09,45.0,1258.0,49.0,391
Morning Consult,1.0,a,2021-11-09,44.0,45000.0,49.0,218
Susquehanna,0.93,lv,2021-11-09,36.0,800.0,52.0,326
Rasmussen (Pulse Opinion Research),0.93,lv,2021-11-08,40.0,1500.0,59.0,277
YouGov,0.93,a,2021-11-08,42.0,1673.0,51.0,391
Monmouth U.,1.0,rv,2021-11-08,43.0,726.0,49.0,215
Global Strategy Group/GBAO/Navigator Research,0.9,rv,2021-11-08,47.0,1003.0,50.0,413
Morning Consult,1.0,a,2021-11-08,44.0,45000.0,48.0,218
Morning Consult,1.0,a,2021-11-07,46.0,2200.0,49.0,218
Léger,0.9,a,2021-11-07,45.0,1006.0,54.0,572
Morning Consult,1.0,rv,2021-11-07,46.0,1998.0,51.0,218
Morning Consult,1.0,a,2021-11-07,49.0,2197.0,45.0,218
RMG Research,0.85,rv,2021-11-07,44.0,1200.0,50.0,555
Rasmussen (Pulse Opinion Research),0.93,lv,2021-11-07,42.0,1500.0,57.0,277
Morning Consult,1.0,a,2021-11-07,44.0,45000.0,49.0,218
Morning Consult,1.0,a,2021-11-06,44.0,45000.0,49.0,218
Suffolk,1.0,rv,2021-11-05,37.8,1000.0,59.0,323
Morning Consult,1.0,a,2021-11-05,46.0,2200.0,50.0,218
Morning Consult,1.0,a,2021-11-05,44.0,45000.0,48.0,218
Ipsos,1.05,a,2021-11-04,48.13,1005.0,46.52,154
Emerson College Polling Society,1.05,rv,2021-11-04,41.3,1000.0,50.4,88
Rasmussen (Pulse Opinion Research),0.93,lv,2021-11-04,43.0,1500.0,55.0,277
SSRS,0.65,rv,2021-11-04,45.0,859.0,54.0,297
Morning Consult,1.0,a,2021-11-04,44.0,45000.0,48.0,218
Rasmussen (Pulse Opinion Research),0.93,lv,2021-11-03,44.0,1500.0,54.0,277
Morning Consult,1.0,a,2021-11-03,44.0,45000.0,48.0,218
Rasmussen (Pulse Opinion Research),0.93,lv,2021-11-02,44.0,1500.0,55.0,277
YouGov,0.93,rv,2021-11-02,44.0,1303.0,51.0,391
Morning Consult,1.0,a,2021-11-02,44.0,45000.0,48.0,218
Morning Consult,1.0,rv,2021-11-01,45.0,1996.0,51.0,218
Rasmussen (Pulse Opinion Research),0.93,lv,2021-11-01,43.0,1500.0,56.0,277
Morning Consult,1.0,a,2021-11-01,44.0,45000.0,48.0,218
Redfield & Wilton Strategies,0.3,rv,2021-10-31,40.0,1500.0,44.0,562
Rasmussen (Pulse Opinion Research),0.93,lv,2021-10-31,42.0,1500.0,57.0,277
Morning Consult,1.0,a,2021-10-31,45.0,45000.0,48.0,218
RMG Research,0.85,rv,2021-10-30,46.0,1200.0,49.0,555
Morning Consult,1.0,a,2021-10-30,45.0,45000.0,48.0,218
TIPP,1.3,a,2021-10-29,40.0,1306.0,45.0,144
Morning Consult,1.0,a,2021-10-29,45.0,45000.0,48.0,218
Ipsos,1.05,a,2021-10-28,44.11,1005.0,51.38,154
Harris Poll,1.05,rv,2021-10-28,43.0,1688.0,52.0,133
Rasmussen (Pulse Opinion Research),0.93,lv,2021-10-28,42.0,1500.0,57.0,277
Morning Consult,1.0,a,2021-10-28,47.0,2198.0,48.0,218
Morning Consult,1.0,a,2021-10-28,45.0,45000.0,48.0,218
Rasmussen (Pulse Opinion Research),0.93,lv,2021-10-27,42.0,1500.0,57.0,277
RMG Research,0.85,rv,2021-10-27,43.0,1200.0,53.0,555
Morning Consult,1.0,a,2021-10-27,45.0,45000.0,48.0,218
YouGov,0.93,rv,2021-10-26,45.0,1261.0,49.0,391
Rasmussen (Pulse Opinion Research),0.93,lv,2021-10-26,42.0,1500.0,57.0,277
Hart Research Associates/Public Opinion Strategies,1.1,rv,2021-10-26,45.0,820.0,52.0,221
Morning Consult,1.0,a,2021-10-26,45.0,45000.0,48.0,218
Echelon Insights,0.9,rv,2021-10-26,45.0,1600.0,52.0,407
Global Strategy Group/GBAO/Navigator Research,0.9,rv,2021-10-25,43.0,1001.0,53.0,413
Rasmussen (Pulse Opinion Research),0.93,lv,2021-10-25,41.0,1500.0,57.0,277
AP-NORC,0.6,a,2021-10-25,48.0,1083.0,51.0,397
Morning Consult,1.0,a,2021-10-25,45.0,45000.0,48.0,218
Léger,0.9,a,2021-10-24,43.0,1002.0,54.0,572
Morning Consult,1.0,rv,2021-10-24,46.0,1999.0,51.0,218
Rasmussen (Pulse Opinion Research),0.93,lv,2021-10-24,43.0,1500.0,56.0,277
Morning Consult,1.0,a,2021-10-24,45.0,45000.0,48.0,218
Morning Consult,1.0,a,2021-10-23,49.0,2201.0,47.0,218
RMG Research,0.85,rv,2021-10-23,43.0,1200.0,53.0,555
Morning Consult,1.0,a,2021-10-23,53.0,2201.0,45.0,218
HarrisX,1.05,rv,2021-10-23,42.0,2727.0,47.0,133
Morning Consult,1.0,a,2021-10-23,46.0,45000.0,47.0,218
Saint Leo U.,0.3,a,2021-10-23,52.1,1000.0,44.9,299
Marist,1.0,rv,2021-10-22,44.0,1032.0,50.0,183
Morning Consult,1.0,a,2021-10-22,45.0,45000.0,47.0,218
Ipsos,1.05,a,2021-10-21,45.72,1005.0,48.04,154
Rasmussen (Pulse Opinion Research),0.93,lv,2021-10-21,42.0,1500.0,57.0,277
Trafalgar Group,1.05,lv,2021-10-21,39.2,1083.0,58.4,338
YouGov,0.93,a,2021-10-21,44.0,1704.0,49.0,391
Lake Research Partners/The Tarrance Group,1.1,rv,2021-10-21,45.3,1000.0,52.2,114
Morning Consult,1.0,a,2021-10-21,46.0,45000.0,47.0,218
Rasmussen (Pulse Opinion Research),0.93,lv,2021-10-20,42.0,1500.0,56.0,277
RMG Research,0.85,rv,2021-10-20,47.0,1200.0,47.0,555
American Research Group,0.75,rv,2021-10-20,47.0,992.0,48.0,9
Morning Consult,1.0,a,2021-10-20,46.0,45000.0,47.0,218
Rasmussen (Pulse Opinion Research),0.93,lv,2021-10-19,41.0,1500.0,58.0,277
YouGov,0.93,rv,2021-10-19,45.0,1268.0,48.0,391
Beacon Research/Shaw & Company,1.0,rv,2021-10-19,46.0,1003.0,53.0,103
Echelon Insights,0.9,lv,2021-10-19,48.0,915.0,51.0,407
Morning Consult,1.0,a,2021-10-19,46.0,45000.0,47.0,218
Gallup,1.05,a,2021-10-19,42.0,823.0,52.0,112
Morning Consult,1.0,rv,2021-10-18,45.0,1998.0,52.0,218
Quinnipiac,1.0,rv,2021-10-18,40.0,1168.0,51.0,267
Rasmussen (Pulse Opinion Research),0.93,lv,2021-10-18,42.0,1500.0,56.0,277
McLaughlin,0.4,lv,2021-10-18,45.0,1000.0,54.0,203
Morning Consult,1.0,a,2021-10-18,46.0,45000.0,47.0,218
Climate Nexus,0.6,rv,2021-10-18,46.0,2678.0,50.0,506
Redfield & Wilton Strategies,0.3,rv,2021-10-17,43.0,1500.0,39.0,562
Hart Research Associates/Public Opinion Strategies,1.1,a,2021-10-17,41.0,800.0,52.0,221
Morning Consult,1.0,a,2021-10-17,49.0,2200.0,45.0,218
Rasmussen (Pulse Opinion Research),0.93,lv,2021-10-17,42.0,1500.0,56.0,277
Selzer,1.3,lv,2021-10-17,40.0,735.0,51.0,304
Morning Consult,1.0,a,2021-10-17,46.0,45000.0,47.0,218
RMG Research,0.85,rv,2021-10-16,47.0,1200.0,48.0,555
Morning Consult,1.0,a,2021-10-16,46.0,45000.0,47.0,218
Morning Consult,1.0,a,2021-10-15,48.0,2200.0,47.0,218
Morning Consult,1.0,a,2021-10-15,46.0,45000.0,47.0,218
Ipsos,1.05,a,2021-10-14,46.08,1005.0,48.08,154
Rasmussen (Pulse Opinion Research),0.93,lv,2021-10-14,43.0,1500.0,56.0,277
"Cor Services, Inc.",0.6,lv,2021-10-14,40.0,508.0,56.0,688
Morning Consult,1.0,a,2021-10-14,46.0,45000.0,47.0,218
Rasmussen (Pulse Opinion Research),0.93,lv,2021-10-13,43.0,1500.0,56.0,277
Morning Consult,1.0,a,2021-10-13,48.0,2201.0,47.0,218
RMG Research,0.85,rv,2021-10-13,43.0,1200.0,47.0,555
Morning Consult,1.0,a,2021-10-13,46.0,45000.0,47.0,218
Rasmussen (Pulse Opinion Research),0.93,lv,2021-10-12,43.0,1500.0,56.0,277
YouGov,0.93,rv,2021-10-12,42.0,1266.0,51.0,391
Morning Consult,1.0,a,2021-10-12,47.0,2200.0,48.0,218
Morning Consult,1.0,a,2021-10-12,46.0,2200.0,49.0,218
Morning Consult,1.0,a,2021-10-12,47.0,2200.0,48.0,218
Morning Consult,1.0,a,2021-10-12,46.0,45000.0,47.0,218
Morning Consult,1.0,rv,2021-10-11,46.0,1999.0,51.0,218
Rasmussen (Pulse Opinion Research),0.93,lv,2021-10-11,41.0,1500.0,57.0,277
SSRS,0.65,rv,2021-10-11,50.0,,50.0,297
Global Strategy Group/GBAO/Navigator Research,0.9,rv,2021-10-11,46.0,1001.0,51.0,413
Morning Consult,1.0,a,2021-10-11,46.0,45000.0,47.0,218
Léger,0.9,a,2021-10-10,45.0,1000.0,53.0,572
Rasmussen (Pulse Opinion Research),0.93,lv,2021-10-10,41.0,1500.0,58.0,277
Morning Consult,1.0,a,2021-10-10,46.0,45000.0,47.0,218
RMG Research,0.85,rv,2021-10-09,47.0,1200.0,50.0,555
Morning Consult,1.0,a,2021-10-09,46.0,45000.0,47.0,218
YouGov,0.93,a,2021-10-08,50.0,2054.0,50.0,391
Morning Consult,1.0,a,2021-10-08,49.0,2200.0,46.0,218
Morning Consult,1.0,a,2021-10-08,46.0,45000.0,47.0,218
Ipsos,1.05,a,2021-10-07,48.35,1005.0,46.8,154
Rasmussen (Pulse Opinion Research),0.93,lv,2021-10-07,43.0,1500.0,56.0,277
Morning Consult,1.0,a,2021-10-07,45.0,45000.0,47.0,218
Rasmussen (Pulse Opinion Research),0.93,lv,2021-10-06,43.0,1500.0,55.0,277
Trafalgar Group,1.05,lv,2021-10-06,39.6,1087.0,56.0,338
"Cor Services, Inc.",0.6,lv,2021-10-06,39.0,516.0,53.0,688
Morning Consult,1.0,a,2021-10-06,45.0,45000.0,47.0,218
Redfield & Wilton Strategies,0.3,rv,2021-10-05,45.0,1500.0,37.0,562
YouGov,0.93,rv,2021-10-05,44.0,1261.0,49.0,391
Rasmussen (Pulse Opinion Research),0.93,lv,2021-10-05,45.0,1500.0,54.0,277
Morning Consult,1.0,a,2021-10-05,46.0,45000.0,47.0,218
Morning Consult,1.0,rv,2021-10-04,45.0,1998.0,52.0,218
Quinnipiac,1.0,rv,2021-10-04,40.0,1177.0,53.0,267
Morning Consult,1.0,a,2021-10-04,45.0,2200.0,49.0,218
YouGov,0.93,a,2021-10-04,42.0,1640.0,50.0,391
Morning Consult,1.0,a,2021-10-04,46.0,4400.0,49.0,218
Rasmussen (Pulse Opinion Research),0.93,lv,2021-10-04,43.0,1500.0,55.0,277
Morning Consult,1.0,a,2021-10-04,46.0,45000.0,47.0,218
Rasmussen (Pulse Opinion Research),0.93,lv,2021-10-03,43.0,1500.0,56.0,277
Morning Consult,1.0,a,2021-10-03,46.0,45000.0,47.0,218
TIPP,1.3,a,2021-10-02,44.0,1308.0,40.0,144
Morning Consult,1.0,a,2021-10-02,45.0,45000.0,47.0,218
PPP,1.0,rv,2021-10-01,46.0,758.0,47.0,263
Morning Consult,1.0,a,2021-10-01,45.0,45000.0,47.0,218
Ipsos,1.05,a,2021-09-30,45.77,1005.0,49.92,154
Morning Consult,1.0,a,2021-09-30,46.0,2200.0,48.0,218
Rasmussen (Pulse Opinion Research),0.93,lv,2021-09-30,42.0,1500.0,56.0,277
Morning Consult,1.0,a,2021-09-30,45.0,45000.0,47.0,218
Rasmussen (Pulse Opinion Research),0.93,lv,2021-09-29,42.0,1500.0,56.0,277
Morning Consult,1.0,a,2021-09-29,49.0,2200.0,46.0,218
Morning Consult,1.0,a,2021-09-29,48.0,2200.0,46.0,218
Morning Consult,1.0,a,2021-09-29,45.0,45000.0,47.0,218
Public Religion Research Institute,0.9,a,2021-09-29,52.0,2508.0,48.0,428
HarrisX,1.05,rv,2021-09-28,48.0,935.0,43.0,133
Rasmussen (Pulse Opinion Research),0.93,lv,2021-09-28,42.0,1500.0,56.0,277
YouGov,0.93,rv,2021-09-28,43.0,1246.0,51.0,391
Morning Consult,1.0,a,2021-09-28,45.0,45000.0,47.0,218
Morning Consult,1.0,rv,2021-09-27,47.0,1999.0,50.0,218
Rasmussen (Pulse Opinion Research),0.93,lv,2021-09-27,41.0,1500.0,58.0,277
Global Strategy Group/GBAO/Navigator Research,0.9,rv,2021-09-27,46.0,1000.0,51.0,413
AP-NORC,0.6,a,2021-09-27,50.0,1099.0,49.0,397
Morning Consult,1.0,a,2021-09-27,45.0,45000.0,47.0,218
Léger,0.9,a,2021-09-26,46.0,1001.0,52.0,572
Rasmussen (Pulse Opinion Research),0.93,lv,2021-09-26,40.0,1500.0,58.0,277
Morning Consult,1.0,a,2021-09-26,46.0,45000.0,47.0,218
Marist,1.0,rv,2021-09-26,46.0,1029.0,46.0,183
HarrisX,1.05,rv,2021-09-25,47.0,935.0,42.0,133
RMG Research,0.85,rv,2021-09-25,45.0,1200.0,48.0,555
Morning Consult,1.0,a,2021-09-25,47.0,2200.0,49.0,218
Morning Consult,1.0,a,2021-09-25,46.0,45000.0,46.0,218
Morning Consult,1.0,a,2021-09-24,46.0,45000.0,46.0,218
Ipsos,1.05,a,2021-09-23,44.21,1005.0,50.77,154
Rasmussen (Pulse Opinion Research),0.93,lv,2021-09-23,42.0,1500.0,56.0,277
Echelon Insights,0.9,lv,2021-09-23,53.0,829.0,47.0,407
Morning Consult,1.0,a,2021-09-23,47.0,45000.0,46.0,218
RMG Research,0.85,rv,2021-09-22,47.0,1200.0,47.0,555
Rasmussen (Pulse Opinion Research),0.93,lv,2021-09-22,45.0,1500.0,54.0,277
Morning Consult,1.0,a,2021-09-22,47.0,45000.0,46.0,218
Rasmussen (Pulse Opinion Research),0.93,lv,2021-09-21,45.0,1500.0,55.0,277
YouGov,0.93,rv,2021-09-21,46.0,1281.0,48.0,391
Morning Consult,1.0,a,2021-09-21,49.0,2200.0,46.0,218
Morning Consult,1.0,a,2021-09-21,47.0,45000.0,46.0,218
Redfield & Wilton Strategies,0.3,rv,2021-09-20,45.0,1500.0,34.0,562
Morning Consult,1.0,rv,2021-09-20,47.0,1998.0,50.0,218
American Research Group,0.75,rv,2021-09-20,51.0,991.0,46.0,9
Morning Consult,1.0,a,2021-09-20,49.0,2200.0,44.0,218
Rasmussen (Pulse Opinion Research),0.93,lv,2021-09-20,44.0,1500.0,56.0,277
Morning Consult,1.0,a,2021-09-20,46.0,4400.0,48.0,218
YouGov,0.93,a,2021-09-20,45.0,3201.0,50.0,391
Morning Consult,1.0,a,2021-09-20,47.0,45000.0,46.0,218
Bullfinch,0.6,rv,2021-09-19,49.0,1000.0,47.0,692
Rasmussen (Pulse Opinion Research),0.93,lv,2021-09-19,43.0,1500.0,56.0,277
Morning Consult,1.0,a,2021-09-19,47.0,45000.0,46.0,218
Pew,0.9,a,2021-09-19,44.0,10371.0,53.0,253
RMG Research,0.85,rv,2021-09-18,48.0,1200.0,48.0,555
Morning Consult,1.0,a,2021-09-18,49.0,2200.0,46.0,218
Morning Consult,1.0,a,2021-09-18,46.0,45000.0,46.0,218
Morning Consult,1.0,a,2021-09-17,46.0,45000.0,46.0,218
Gallup,1.05,a,2021-09-17,43.0,1005.0,53.0,112
Ipsos,1.05,a,2021-09-16,44.36,1005.0,50.3,154
Harris Poll,1.05,rv,2021-09-16,48.0,1578.0,50.0,133
Rasmussen (Pulse Opinion Research),0.93,lv,2021-09-16,43.0,1500.0,55.0,277
Morning Consult,1.0,a,2021-09-16,51.0,2200.0,44.0,218
Morning Consult,1.0,a,2021-09-16,46.0,45000.0,46.0,218
Marquette Law School,1.08,a,2021-09-16,48.0,1411.0,52.0,195
Rasmussen (Pulse Opinion Research),0.93,lv,2021-09-15,44.0,1500.0,55.0,277
Beacon Research/Shaw & Company,1.0,rv,2021-09-15,50.0,1002.0,49.0,103
Morning Consult,1.0,a,2021-09-15,46.0,45000.0,46.0,218
YouGov,0.93,rv,2021-09-14,46.0,1252.0,49.0,391
Rasmussen (Pulse Opinion Research),0.93,lv,2021-09-14,44.0,1500.0,55.0,277
McLaughlin,0.4,lv,2021-09-14,47.0,1000.0,52.0,203
Morning Consult,1.0,a,2021-09-14,47.0,45000.0,46.0,218
Morning Consult,1.0,a,2021-09-13,49.0,2200.0,45.0,218
Morning Consult,1.0,rv,2021-09-13,47.0,1997.0,50.0,218
Morning Consult,1.0,a,2021-09-13,48.0,4400.0,46.0,218
Léger,0.9,a,2021-09-13,48.0,1002.0,50.0,572
Quinnipiac,1.0,rv,2021-09-13,44.0,1079.0,50.0,267
Rasmussen (Pulse Opinion Research),0.93,lv,2021-09-13,45.0,1500.0,53.0,277
Global Strategy Group/GBAO/Navigator Research,0.9,rv,2021-09-13,49.0,995.0,49.0,413
Monmouth U.,1.0,rv,2021-09-13,47.0,747.0,46.0,215
Morning Consult,1.0,a,2021-09-13,47.0,45000.0,46.0,218
Morning Consult,1.0,rv,2021-09-12,47.0,16843.0,49.0,218
Morning Consult,1.0,a,2021-09-12,48.0,2200.0,46.0,218
Morning Consult,1.0,a,2021-09-12,48.0,2200.0,47.0,218
Rasmussen (Pulse Opinion Research),0.93,lv,2021-09-12,46.0,1500.0,52.0,277
Morning Consult,1.0,a,2021-09-12,47.0,45000.0,45.0,218
RMG Research,0.85,rv,2021-09-11,47.0,1200.0,48.0,555
HarrisX,1.05,rv,2021-09-11,47.0,958.0,44.0,133
Morning Consult,1.0,a,2021-09-11,47.0,2200.0,48.0,218
Morning Consult,1.0,a,2021-09-11,47.0,45000.0,45.0,218
Morning Consult,1.0,a,2021-09-10,47.0,45000.0,45.0,218
Ipsos,1.05,a,2021-09-09,47.03,1005.0,46.16,154
Trafalgar Group,1.05,lv,2021-09-09,43.5,1086.0,54.3,338
HarrisX,1.05,rv,2021-09-09,55.0,1803.0,45.0,133
Rasmussen (Pulse Opinion Research),0.93,lv,2021-09-09,46.0,1500.0,52.0,277
YouGov,0.93,a,2021-09-09,50.0,2011.0,50.0,391
Morning Consult,1.0,a,2021-09-09,47.0,45000.0,45.0,218
Echelon Insights,0.9,a,2021-09-08,48.0,1000.0,46.0,407
Rasmussen (Pulse Opinion Research),0.93,lv,2021-09-08,46.0,1500.0,52.0,277
Morning Consult,1.0,rv,2021-09-08,47.0,18732.0,49.0,218
Winston,0.9,rv,2021-09-08,46.0,1000.0,44.0,385
Morning Consult,1.0,a,2021-09-08,47.0,45000.0,45.0,218
POS,1.0,rv,2021-09-08,48.0,800.0,50.0,260
Rasmussen (Pulse Opinion Research),0.93,lv,2021-09-07,46.0,1500.0,53.0,277
YouGov,0.93,rv,2021-09-07,43.0,1264.0,52.0,391
Morning Consult,1.0,a,2021-09-07,46.0,45000.0,45.0,218
SSRS,0.65,rv,2021-09-07,50.0,1838.0,50.0,297
Morning Consult,1.0,rv,2021-09-06,47.0,17494.0,49.0,218
Rasmussen (Pulse Opinion Research),0.93,lv,2021-09-06,47.0,1500.0,52.0,277
Morning Consult,1.0,a,2021-09-06,50.0,2200.0,44.0,218
Morning Consult,1.0,a,2021-09-06,48.0,2200.0,46.0,218
Morning Consult,1.0,a,2021-09-06,46.0,45000.0,45.0,218
Redfield & Wilton Strategies,0.3,rv,2021-09-05,46.0,1500.0,36.0,562
RMG Research,0.85,rv,2021-09-05,42.0,1200.0,52.0,555
Rasmussen (Pulse Opinion Research),0.93,lv,2021-09-05,46.0,1500.0,52.0,277
Morning Consult,1.0,a,2021-09-05,47.0,45000.0,45.0,218
Morning Consult,1.0,a,2021-09-04,47.0,45000.0,45.0,218
TIPP,1.3,rv,2021-09-03,47.0,1044.0,45.0,144
Morning Consult,1.0,a,2021-09-03,47.0,45000.0,45.0,218
Ipsos,1.05,a,2021-09-02,45.94,1005.0,48.26,154
Rasmussen (Pulse Opinion Research),0.93,lv,2021-09-02,44.0,1500.0,54.0,277
Morning Consult,1.0,a,2021-09-02,49.0,2200.0,46.0,218
Change Research,0.85,rv,2021-09-02,46.0,1775.0,54.0,48
Morning Consult,1.0,a,2021-09-02,47.0,45000.0,45.0,218
Morning Consult,1.0,rv,2021-09-02,49.0,7988.0,48.0,218
Rasmussen (Pulse Opinion Research),0.93,lv,2021-09-01,42.0,1500.0,56.0,277
YouGov,0.93,a,2021-09-01,44.0,1605.0,49.0,391
Emerson College Polling Society,1.05,rv,2021-09-01,45.8,1200.0,46.9,88
ABC/Washington Post,1.2,a,2021-09-01,44.0,1006.0,51.0,3
Morning Consult,1.0,a,2021-09-01,48.0,45000.0,45.0,218
Rasmussen (Pulse Opinion Research),0.93,lv,2021-08-31,42.0,1500.0,56.0,277
YouGov,0.93,rv,2021-08-31,47.0,1262.0,46.0,391
Marist,1.0,rv,2021-08-31,43.0,1145.0,51.0,183
Morning Consult,1.0,a,2021-08-31,48.0,45000.0,44.0,218
Morning Consult,1.0,rv,2021-08-30,47.0,1997.0,49.0,218
Léger,0.9,a,2021-08-30,48.0,1004.0,49.0,572
Rasmussen (Pulse Opinion Research),0.93,lv,2021-08-30,44.0,1500.0,54.0,277
Global Strategy Group/GBAO/Navigator Research,0.9,rv,2021-08-30,47.0,1002.0,50.0,413
Morning Consult,1.0,a,2021-08-30,49.0,45000.0,44.0,218
Morning Consult,1.0,rv,2021-08-29,48.0,15623.0,49.0,218
Rasmussen (Pulse Opinion Research),0.93,lv,2021-08-29,45.0,1500.0,54.0,277
Morning Consult,1.0,a,2021-08-29,48.0,2200.0,45.0,218
Morning Consult,1.0,a,2021-08-29,49.0,45000.0,44.0,218
Morning Consult,1.0,a,2021-08-28,53.0,2200.0,44.0,218
Morning Consult,1.0,a,2021-08-28,49.0,45000.0,44.0,218
Morning Consult,1.0,a,2021-08-27,49.0,45000.0,43.0,218
Ipsos,1.05,a,2021-08-26,49.06,1006.0,46.01,154
Rasmussen (Pulse Opinion Research),0.93,lv,2021-08-26,45.0,1500.0,53.0,277
Morning Consult,1.0,a,2021-08-26,49.0,45000.0,43.0,218
Rasmussen (Pulse Opinion Research),0.93,lv,2021-08-25,44.0,1500.0,55.0,277
Morning Consult,1.0,a,2021-08-25,51.0,2200.0,44.0,218
Morning Consult,1.0,a,2021-08-25,49.0,45000.0,43.0,218
Rasmussen (Pulse Opinion Research),0.93,lv,2021-08-24,44.0,1500.0,55.0,277
Morning Consult,1.0,a,2021-08-24,52.0,2200.0,43.0,218
Morning Consult,1.0,rv,2021-08-24,50.0,1996.0,48.0,218
YouGov,0.93,rv,2021-08-24,48.0,1242.0,46.0,391
Morning Consult,1.0,a,2021-08-24,49.0,45000.0,43.0,218
"Cor Services, Inc.",0.6,lv,2021-08-24,40.0,618.0,50.0,688
Rasmussen (Pulse Opinion Research),0.93,lv,2021-08-23,44.0,1500.0,55.0,277
Suffolk,1.0,rv,2021-08-23,41.2,1000.0,55.1,323
Morning Consult,1.0,a,2021-08-23,52.0,2200.0,43.0,218
Morning Consult,1.0,a,2021-08-23,50.0,45000.0,43.0,218
HarrisX,1.05,rv,2021-08-22,49.0,2846.0,43.0,133
RMG Research,0.85,rv,2021-08-22,46.0,1200.0,46.0,555
Morning Consult,1.0,a,2021-08-22,51.0,2201.0,45.0,218
Rasmussen (Pulse Opinion Research),0.93,lv,2021-08-22,46.0,1500.0,53.0,277
Morning Consult,1.0,a,2021-08-22,50.0,45000.0,42.0,218
Morning Consult,1.0,a,2021-08-21,50.0,45000.0,42.0,218
YouGov,0.93,a,2021-08-20,50.0,2142.0,50.0,391
American Research Group,0.75,rv,2021-08-20,50.0,992.0,46.0,9
Morning Consult,1.0,a,2021-08-20,51.0,45000.0,42.0,218
Ipsos,1.05,a,2021-08-19,46.07,1002.0,49.01,154
Rasmussen (Pulse Opinion Research),0.93,lv,2021-08-19,46.0,1500.0,53.0,277
Morning Consult,1.0,rv,2021-08-19,50.0,1999.0,47.0,218
Morning Consult,1.0,a,2021-08-19,51.0,45000.0,42.0,218
Ipsos,1.05,a,2021-08-19,50.0,4427.0,44.0,154
SurveyMonkey,0.75,a,2021-08-18,47.0,1066.0,45.0,324
YouGov,0.93,a,2021-08-18,47.0,1649.0,46.0,391
Rasmussen (Pulse Opinion Research),0.93,lv,2021-08-18,46.0,1500.0,53.0,277
Echelon Insights,0.9,rv,2021-08-18,52.0,1016.0,46.0,407
Susquehanna,0.93,lv,2021-08-18,49.0,800.0,45.0,326
Morning Consult,1.0,a,2021-08-18,51.0,45000.0,41.0,218
Rasmussen (Pulse Opinion Research),0.93,lv,2021-08-17,46.0,1500.0,54.0,277
YouGov,0.93,rv,2021-08-17,47.0,1250.0,47.0,391
Hart Research Associates/Public Opinion Strategies,1.1,rv,2021-08-17,50.0,790.0,48.0,221
Morning Consult,1.0,a,2021-08-17,52.0,45000.0,40.0,218
Gallup,1.05,a,2021-08-17,49.0,1006.0,48.0,112
John Zogby Strategies,0.9,a,2021-08-16,51.8,956.0,42.3,583
Ipsos,1.05,a,2021-08-16,46.0,947.0,47.0,154
Morning Consult,1.0,rv,2021-08-16,51.0,1999.0,46.0,218
Morning Consult,1.0,a,2021-08-16,54.0,2200.0,40.0,218
Morning Consult,1.0,a,2021-08-16,52.0,2200.0,43.0,218
Rasmussen (Pulse Opinion Research),0.93,lv,2021-08-16,45.0,1500.0,54.0,277
Morning Consult,1.0,a,2021-08-16,56.0,2200.0,40.0,218
AP-NORC,0.6,a,2021-08-16,54.0,1729.0,46.0,397
Global Strategy Group/GBAO/Navigator Research,0.9,rv,2021-08-16,50.0,1001.0,46.0,413
Morning Consult,1.0,a,2021-08-16,52.0,45000.0,40.0,218
Léger,0.9,a,2021-08-15,51.0,1005.0,47.0,572
Ipsos,1.05,a,2021-08-15,53.0,1198.0,41.0,154
Rasmussen (Pulse Opinion Research),0.93,lv,2021-08-15,46.0,1500.0,53.0,277
Morning Consult,1.0,a,2021-08-15,55.0,2200.0,41.0,218
Morning Consult,1.0,a,2021-08-15,52.0,45000.0,40.0,218
Morning Consult,1.0,rv,2021-08-14,51.0,15000.0,45.0,218
Morning Consult,1.0,a,2021-08-14,52.0,45000.0,40.0,218
Morning Consult,1.0,a,2021-08-13,56.0,2200.0,40.0,218
Morning Consult,1.0,a,2021-08-13,52.0,45000.0,40.0,218
Ipsos,1.05,a,2021-08-12,51.26,1002.0,43.04,154
Rasmussen (Pulse Opinion Research),0.93,lv,2021-08-12,47.0,1500.0,52.0,277
Morning Consult,1.0,a,2021-08-12,51.0,45000.0,40.0,218
Rasmussen (Pulse Opinion Research),0.93,lv,2021-08-11,47.0,1500.0,52.0,277
Trafalgar Group,1.05,lv,2021-08-11,46.5,1073.0,47.5,338
Morning Consult,1.0,a,2021-08-11,51.0,45000.0,40.0,218
Rasmussen (Pulse Opinion Research),0.93,lv,2021-08-10,48.0,1500.0,50.0,277
YouGov,0.93,rv,2021-08-10,47.0,1251.0,45.0,391
Beacon Research/Shaw & Company,1.0,rv,2021-08-10,53.0,1002.0,46.0,103
Morning Consult,1.0,a,2021-08-10,51.0,45000.0,41.0,218
HarrisX,1.05,rv,2021-08-10,54.0,4918.0,40.0,133
Morning Consult,1.0,rv,2021-08-09,51.0,1996.0,46.0,218
Morning Consult,1.0,a,2021-08-09,53.0,2200.0,41.0,218
Rasmussen (Pulse Opinion Research),0.93,lv,2021-08-09,48.0,1500.0,51.0,277
Morning Consult,1.0,a,2021-08-09,51.0,45000.0,41.0,218
Rasmussen (Pulse Opinion Research),0.93,lv,2021-08-08,49.0,1500.0,49.0,277
Morning Consult,1.0,a,2021-08-08,50.0,45000.0,41.0,218
Morning Consult,1.0,a,2021-08-07,51.0,45000.0,41.0,218
Morning Consult,1.0,a,2021-08-06,51.0,45000.0,40.0,218
Ipsos,1.05,a,2021-08-05,50.14,1004.0,42.69,154
HarrisX,1.05,rv,2021-08-05,55.0,1103.0,40.0,133
Rasmussen (Pulse Opinion Research),0.93,lv,2021-08-05,48.0,1500.0,51.0,277
Morning Consult,1.0,a,2021-08-05,51.0,45000.0,40.0,218
Rasmussen (Pulse Opinion Research),0.93,lv,2021-08-04,48.0,1500.0,51.0,277
Morning Consult,1.0,a,2021-08-04,51.0,45000.0,40.0,218
Redfield & Wilton Strategies,0.3,rv,2021-08-03,48.0,1500.0,36.0,562
Rasmussen (Pulse Opinion Research),0.93,lv,2021-08-03,48.0,1500.0,51.0,277
YouGov,0.93,rv,2021-08-03,49.0,1233.0,44.0,391
McLaughlin,0.4,lv,2021-08-03,54.0,1000.0,45.0,203
Morning Consult,1.0,a,2021-08-03,51.0,45000.0,41.0,218
Morning Consult,1.0,rv,2021-08-02,52.0,1998.0,46.0,218
Morning Consult,1.0,a,2021-08-02,51.0,2200.0,43.0,218
YouGov,0.93,a,2021-08-02,48.0,1552.0,44.0,391
Rasmussen (Pulse Opinion Research),0.93,lv,2021-08-02,48.0,1500.0,51.0,277
Global Strategy Group/GBAO/Navigator Research,0.9,rv,2021-08-02,51.0,1000.0,46.0,413
Morning Consult,1.0,a,2021-08-02,53.0,2200.0,41.0,218
Quinnipiac,1.0,rv,2021-08-02,47.0,1145.0,44.0,267
Morning Consult,1.0,a,2021-08-02,51.0,45000.0,40.0,218
Léger,0.9,a,2021-08-01,53.0,1001.0,45.0,572
Morning Consult,1.0,a,2021-08-01,55.0,2200.0,39.0,218
Rasmussen (Pulse Opinion Research),0.93,lv,2021-08-01,49.0,1500.0,49.0,277
Morning Consult,1.0,a,2021-08-01,51.0,45000.0,40.0,218
"Cor Services, Inc.",0.6,lv,2021-07-31,43.0,515.0,51.0,688
Morning Consult,1.0,a,2021-07-31,51.0,45000.0,40.0,218
TIPP,1.3,rv,2021-07-30,57.0,1026.0,34.0,144
Morning Consult,1.0,a,2021-07-30,52.0,45000.0,40.0,218
Morning Consult,1.0,rv,2021-07-29,51.0,2000.0,47.0,218
Ipsos,1.05,a,2021-07-29,53.83,1005.0,42.1,154
Harris Poll,1.05,rv,2021-07-29,52.0,1788.0,43.0,133
Rasmussen (Pulse Opinion Research),0.93,lv,2021-07-29,47.0,1500.0,51.0,277
Morning Consult,1.0,a,2021-07-29,52.0,45000.0,40.0,218
Marist,1.0,rv,2021-07-29,50.0,943.0,45.0,183
Rasmussen (Pulse Opinion Research),0.93,lv,2021-07-28,47.0,1500.0,51.0,277
Hart Research Associates/Public Opinion Strategies,1.1,a,2021-07-28,48.0,802.0,45.0,221
Morning Consult,1.0,a,2021-07-28,52.0,45000.0,40.0,218
WPA Intelligence,0.3,rv,2021-07-28,47.0,1000.0,44.0,383
Rasmussen (Pulse Opinion Research),0.93,lv,2021-07-27,46.0,1500.0,52.0,277
YouGov,0.93,rv,2021-07-27,49.0,1280.0,45.0,391
Morning Consult,1.0,a,2021-07-27,52.0,45000.0,40.0,218
Morning Consult,1.0,rv,2021-07-26,52.0,1997.0,45.0,218
Rasmussen (Pulse Opinion Research),0.93,lv,2021-07-26,47.0,1500.0,51.0,277
Monmouth U.,1.0,rv,2021-07-26,49.0,753.0,44.0,215
Morning Consult,1.0,a,2021-07-26,52.0,45000.0,40.0,218
Marquette Law School,1.08,a,2021-07-26,58.0,1010.0,42.0,195
Morning Consult,1.0,a,2021-07-25,54.0,2201.0,40.0,218
Rasmussen (Pulse Opinion Research),0.93,lv,2021-07-25,49.0,1500.0,49.0,277
Morning Consult,1.0,a,2021-07-25,52.0,45000.0,40.0,218
Morning Consult,1.0,a,2021-07-24,52.0,45000.0,40.0,218
Echelon Insights,0.9,rv,2021-07-23,55.0,1143.0,43.0,407
Morning Consult,1.0,a,2021-07-23,52.0,45000.0,40.0,218
Ipsos,1.05,a,2021-07-22,53.98,1005.0,40.44,154
Rasmussen (Pulse Opinion Research),0.93,lv,2021-07-22,50.0,1500.0,48.0,277
Morning Consult,1.0,a,2021-07-22,52.0,45000.0,40.0,218
HarrisX,1.05,rv,2021-07-21,58.0,949.0,42.0,133
Rasmussen (Pulse Opinion Research),0.93,lv,2021-07-21,51.0,1500.0,48.0,277
Morning Consult,1.0,a,2021-07-21,52.0,45000.0,40.0,218
Gallup,1.05,a,2021-07-21,50.0,1007.0,45.0,112
Rasmussen (Pulse Opinion Research),0.93,lv,2021-07-20,50.0,1500.0,48.0,277
American Research Group,0.75,rv,2021-07-20,54.0,991.0,43.0,9
YouGov,0.93,rv,2021-07-20,50.0,1272.0,43.0,391
Morning Consult,1.0,a,2021-07-20,52.0,45000.0,40.0,218
Rasmussen (Pulse Opinion Research),0.93,lv,2021-07-19,51.0,1500.0,48.0,277
Global Strategy Group/GBAO/Navigator Research,0.9,rv,2021-07-19,52.0,1000.0,44.0,413
AP-NORC,0.6,a,2021-07-19,59.0,1308.0,41.0,397
Morning Consult,1.0,a,2021-07-19,52.0,45000.0,39.0,218
Morning Consult,1.0,a,2021-07-19,55.0,15401.0,40.0,218
Morning Consult,1.0,rv,2021-07-18,52.0,1997.0,44.0,218
Léger,0.9,a,2021-07-18,54.0,1001.0,45.0,572
Morning Consult,1.0,a,2021-07-18,53.0,2199.0,41.0,218
Rasmussen (Pulse Opinion Research),0.93,lv,2021-07-18,50.0,1500.0,48.0,277
Morning Consult,1.0,a,2021-07-18,52.0,45000.0,39.0,218
YouGov,0.93,a,2021-07-17,58.0,2238.0,42.0,391
Morning Consult,1.0,a,2021-07-17,53.0,45000.0,39.0,218
Sacred Heart University,0.9,a,2021-07-16,52.1,1500.0,35.7,453
Morning Consult,1.0,a,2021-07-16,52.0,45000.0,39.0,218
Ipsos,1.05,a,2021-07-15,53.43,1005.0,41.64,154
Rasmussen (Pulse Opinion Research),0.93,lv,2021-07-15,49.0,1500.0,49.0,277
YouGov,0.93,a,2021-07-15,50.0,1715.0,42.0,391
Morning Consult,1.0,a,2021-07-15,52.0,45000.0,39.0,218
Rasmussen (Pulse Opinion Research),0.93,lv,2021-07-14,48.0,1500.0,50.0,277
Morning Consult,1.0,a,2021-07-14,52.0,45000.0,39.0,218
Rasmussen (Pulse Opinion Research),0.93,lv,2021-07-13,49.0,1500.0,49.0,277
YouGov,0.93,rv,2021-07-13,49.0,1292.0,45.0,391
Morning Consult,1.0,a,2021-07-13,54.0,4398.0,39.0,218
Morning Consult,1.0,a,2021-07-13,52.0,45000.0,39.0,218
Morning Consult,1.0,rv,2021-07-12,52.0,1996.0,45.0,218
Rasmussen (Pulse Opinion Research),0.93,lv,2021-07-12,49.0,1500.0,49.0,277
Morning Consult,1.0,a,2021-07-12,52.0,45000.0,39.0,218
Rasmussen (Pulse Opinion Research),0.93,lv,2021-07-11,49.0,1500.0,49.0,277
Morning Consult,1.0,a,2021-07-11,52.0,45000.0,39.0,218
RMG Research,0.85,rv,2021-07-10,51.0,1200.0,41.0,555
"Cor Services, Inc.",0.6,lv,2021-07-10,46.0,518.0,46.0,688
Morning Consult,1.0,rv,2021-07-10,53.0,3995.0,45.0,218
Morning Consult,1.0,a,2021-07-10,52.0,45000.0,39.0,218
HarrisX,1.05,rv,2021-07-09,59.0,938.0,41.0,133
Morning Consult,1.0,a,2021-07-09,53.0,45000.0,39.0,218
Ipsos,1.05,a,2021-07-08,52.1,1004.0,43.13,154
Morning Consult,1.0,a,2021-07-08,53.0,45000.0,39.0,218
Rasmussen (Pulse Opinion Research),0.93,lv,2021-07-07,49.0,1500.0,49.0,277
Rasmussen (Pulse Opinion Research),0.93,lv,2021-07-07,49.0,1500.0,50.0,277
Morning Consult,1.0,a,2021-07-07,53.0,45000.0,39.0,218
Zogby,0.85,lv,2021-07-06,60.0,681.0,39.0,395
YouGov,0.93,rv,2021-07-06,51.0,1281.0,44.0,391
Rasmussen (Pulse Opinion Research),0.93,lv,2021-07-06,49.0,1500.0,50.0,277
Morning Consult,1.0,a,2021-07-06,52.0,45000.0,39.0,218
Morning Consult,1.0,a,2021-07-06,56.0,2193.0,38.0,218
Morning Consult,1.0,a,2021-07-05,52.0,45000.0,39.0,218
Léger,0.9,a,2021-07-04,56.0,1003.0,43.0,572
Morning Consult,1.0,a,2021-07-04,52.0,45000.0,39.0,218
Morning Consult,1.0,a,2021-07-03,52.0,45000.0,39.0,218
TIPP,1.3,rv,2021-07-02,54.0,1145.0,38.0,144
Morning Consult,1.0,a,2021-07-02,52.0,45000.0,39.0,218
Ipsos,1.05,a,2021-07-01,51.5,1004.0,41.95,154
Rasmussen (Pulse Opinion Research),0.93,lv,2021-07-01,48.0,1500.0,50.0,277
Morning Consult,1.0,a,2021-07-01,53.0,45000.0,39.0,218
HarrisX,1.05,rv,2021-06-30,60.0,950.0,40.0,133
Rasmussen (Pulse Opinion Research),0.93,lv,2021-06-30,48.0,1500.0,49.0,277
ABC/Washington Post,1.2,a,2021-06-30,50.0,907.0,42.0,3
Morning Consult,1.0,a,2021-06-30,53.0,45000.0,39.0,218
Rasmussen (Pulse Opinion Research),0.93,lv,2021-06-29,48.0,1500.0,50.0,277
YouGov,0.93,rv,2021-06-29,50.0,1290.0,46.0,391
Morning Consult,1.0,a,2021-06-29,53.0,45000.0,39.0,218
Marist,1.0,rv,2021-06-29,51.0,905.0,44.0,183
Morning Consult,1.0,rv,2021-06-28,54.0,1989.0,43.0,218
Rasmussen (Pulse Opinion Research),0.93,lv,2021-06-28,49.0,1500.0,49.0,277
Global Strategy Group/GBAO/Navigator Research,0.9,rv,2021-06-28,54.0,1000.0,43.0,413
Morning Consult,1.0,a,2021-06-28,53.0,45000.0,39.0,218
Rasmussen (Pulse Opinion Research),0.93,lv,2021-06-27,49.0,1500.0,49.0,277
Morning Consult,1.0,a,2021-06-27,53.0,45000.0,39.0,218
Morning Consult,1.0,a,2021-06-26,53.0,45000.0,39.0,218
Morning Consult,1.0,a,2021-06-25,53.0,45000.0,39.0,218
Ipsos,1.05,a,2021-06-24,52.6,1005.0,40.23,154
YouGov,0.93,a,2021-06-24,50.0,1592.0,43.0,391
Morning Consult,1.0,a,2021-06-24,58.0,2200.0,38.0,218
Rasmussen (Pulse Opinion Research),0.93,lv,2021-06-24,51.0,1500.0,47.0,277
Morning Consult,1.0,a,2021-06-24,53.0,45000.0,39.0,218
Rasmussen (Pulse Opinion Research),0.93,lv,2021-06-23,51.0,1500.0,47.0,277
Morning Consult,1.0,a,2021-06-23,58.0,2082.0,38.0,218
Morning Consult,1.0,a,2021-06-23,53.0,45000.0,39.0,218
YouGov,0.93,rv,2021-06-23,51.0,1753.0,46.7,391
Rasmussen (Pulse Opinion Research),0.93,lv,2021-06-22,52.0,1500.0,46.0,277
YouGov,0.93,rv,2021-06-22,52.0,1223.0,44.0,391
Beacon Research/Shaw & Company,1.0,rv,2021-06-22,56.0,1001.0,43.0,103
Echelon Insights,0.9,rv,2021-06-22,55.0,1001.0,42.0,407
Morning Consult,1.0,a,2021-06-22,54.0,45000.0,39.0,218
Rasmussen (Pulse Opinion Research),0.93,lv,2021-06-21,51.0,1500.0,47.0,277
Morning Consult,1.0,a,2021-06-21,54.0,45000.0,38.0,218
GQR / Democracy Corps,0.93,rv,2021-06-21,57.0,2000.0,43.0,126
Léger,0.9,a,2021-06-20,49.0,1001.0,40.0,572
Morning Consult,1.0,rv,2021-06-20,54.0,2041.0,43.0,218
Morning Consult,1.0,rv,2021-06-20,58.0,1995.0,40.0,218
American Research Group,0.75,rv,2021-06-20,52.0,990.0,43.0,9
Rasmussen (Pulse Opinion Research),0.93,lv,2021-06-20,52.0,1500.0,46.0,277
McLaughlin,0.4,lv,2021-06-20,55.0,1000.0,44.0,203
Morning Consult,1.0,a,2021-06-20,53.0,45000.0,38.0,218
Morning Consult,1.0,a,2021-06-19,56.0,2200.0,38.0,218
East Carolina University,0.6,a,2021-06-19,47.9,1105.0,40.9,523
Morning Consult,1.0,a,2021-06-19,53.0,45000.0,39.0,218
Morning Consult,1.0,a,2021-06-18,53.0,45000.0,39.0,218
Gallup,1.05,a,2021-06-18,56.0,1012.0,42.0,112
Ipsos,1.05,a,2021-06-17,51.57,1002.0,42.25,154
Rasmussen (Pulse Opinion Research),0.93,lv,2021-06-17,51.0,1500.0,48.0,277
Harris Poll,1.05,rv,2021-06-17,59.0,2006.0,34.0,133
Morning Consult,1.0,a,2021-06-17,53.0,45000.0,39.0,218
Ipsos,1.05,a,2021-06-17,55.0,4420.0,41.0,154
Rasmussen (Pulse Opinion Research),0.93,lv,2021-06-16,50.0,1500.0,48.0,277
Morning Consult,1.0,a,2021-06-16,53.0,45000.0,39.0,218
Rasmussen (Pulse Opinion Research),0.93,lv,2021-06-15,50.0,1500.0,48.0,277
YouGov,0.93,rv,2021-06-15,48.0,1305.0,45.0,391
Climate Nexus,0.6,rv,2021-06-15,56.0,1525.0,39.0,506
Momentive,0.75,a,2021-06-15,53.0,2309.0,42.0,324
Morning Consult,1.0,a,2021-06-15,53.0,45000.0,39.0,218
Rasmussen (Pulse Opinion Research),0.93,lv,2021-06-14,49.0,1500.0,49.0,277
Global Strategy Group/GBAO/Navigator Research,0.9,rv,2021-06-14,52.0,1001.0,44.0,413
AP-NORC,0.6,a,2021-06-14,55.0,1125.0,44.0,397
Monmouth U.,1.0,rv,2021-06-14,49.0,758.0,43.0,215
Morning Consult,1.0,a,2021-06-14,52.0,45000.0,39.0,218
Morning Consult,1.0,rv,2021-06-13,53.0,1994.0,44.0,218
Rasmussen (Pulse Opinion Research),0.93,lv,2021-06-13,49.0,1500.0,50.0,277
Morning Consult,1.0,a,2021-06-13,53.0,45000.0,39.0,218
Morning Consult,1.0,a,2021-06-12,53.0,45000.0,39.0,218
Morning Consult,1.0,a,2021-06-11,53.0,45000.0,39.0,218
Ipsos,1.05,a,2021-06-10,54.95,1004.0,40.26,154
Rasmussen (Pulse Opinion Research),0.93,lv,2021-06-10,49.0,1500.0,49.0,277
Winston,0.9,rv,2021-06-10,54.0,1000.0,38.0,385
Lake Research Partners/The Tarrance Group,1.1,rv,2021-06-10,52.0,1000.0,45.0,114
Morning Consult,1.0,a,2021-06-10,52.0,45000.0,39.0,218
Rasmussen (Pulse Opinion Research),0.93,lv,2021-06-09,52.0,1500.0,47.0,277
HarrisX,1.05,rv,2021-06-09,61.0,1885.0,39.0,133
Morning Consult,1.0,a,2021-06-09,52.0,45000.0,39.0,218
Rasmussen (Pulse Opinion Research),0.93,lv,2021-06-08,51.0,1500.0,48.0,277
YouGov,0.93,rv,2021-06-08,51.0,1242.0,43.0,391
Morning Consult,1.0,a,2021-06-08,51.0,2200.0,41.0,218
Morning Consult,1.0,a,2021-06-08,52.0,45000.0,39.0,218
Morning Consult,1.0,rv,2021-06-07,52.0,1990.0,43.0,218
Morning Consult,1.0,a,2021-06-07,54.0,2200.0,40.0,218
Rasmussen (Pulse Opinion Research),0.93,lv,2021-06-07,49.0,1500.0,49.0,277
Bullfinch,0.6,rv,2021-06-07,55.0,1000.0,42.0,692
Morning Consult,1.0,a,2021-06-07,53.0,45000.0,39.0,218
Léger,0.9,a,2021-06-06,51.0,1004.0,38.0,572
Rasmussen (Pulse Opinion Research),0.93,lv,2021-06-06,48.0,1500.0,49.0,277
Morning Consult,1.0,a,2021-06-06,53.0,45000.0,39.0,218
RMG Research,0.85,rv,2021-06-05,55.0,1200.0,39.0,555
"Cor Services, Inc.",0.6,lv,2021-06-05,50.0,519.0,42.0,688
Morning Consult,1.0,a,2021-06-05,53.0,45000.0,39.0,218
Morning Consult,1.0,a,2021-06-04,53.0,45000.0,39.0,218
Ipsos,1.05,a,2021-06-03,53.57,1005.0,42.33,154
Rasmussen (Pulse Opinion Research),0.93,lv,2021-06-03,49.0,1500.0,49.0,277
Morning Consult,1.0,a,2021-06-03,53.0,45000.0,38.0,218
Rasmussen (Pulse Opinion Research),0.93,lv,2021-06-02,50.0,1500.0,49.0,277
Morning Consult,1.0,a,2021-06-02,53.0,45000.0,38.0,218
Rasmussen (Pulse Opinion Research),0.93,lv,2021-06-01,51.0,1500.0,48.0,277
HarrisX,1.05,rv,2021-06-01,61.0,1893.0,39.0,133
YouGov,0.93,rv,2021-06-01,50.0,1275.0,43.0,391
Morning Consult,1.0,a,2021-06-01,53.0,45000.0,38.0,218
Rasmussen (Pulse Opinion Research),0.93,lv,2021-05-31,53.0,1500.0,45.0,277
Morning Consult,1.0,a,2021-05-31,54.0,45000.0,38.0,218
Rasmussen (Pulse Opinion Research),0.93,lv,2021-05-30,53.0,1500.0,45.0,277
Morning Consult,1.0,a,2021-05-30,54.0,45000.0,38.0,218
Morning Consult,1.0,a,2021-05-29,56.0,2199.0,37.0,218
Morning Consult,1.0,a,2021-05-29,54.0,45000.0,38.0,218
TIPP,1.3,rv,2021-05-28,59.0,1006.0,32.0,144
Morning Consult,1.0,a,2021-05-28,54.0,45000.0,38.0,218
Ipsos,1.05,a,2021-05-27,51.57,1005.0,44.01,154
Zogby,0.85,lv,2021-05-27,60.0,868.0,37.0,395
Rasmussen (Pulse Opinion Research),0.93,lv,2021-05-27,55.0,1500.0,43.0,277
Morning Consult,1.0,a,2021-05-27,54.0,45000.0,38.0,218
Rasmussen (Pulse Opinion Research),0.93,lv,2021-05-26,53.0,1500.0,45.0,277
YouGov,0.93,a,2021-05-26,49.0,1588.0,41.0,391
"Cor Services, Inc.",0.6,lv,2021-05-26,51.0,519.0,42.0,688
Morning Consult,1.0,a,2021-05-26,54.0,45000.0,38.0,218
Rasmussen (Pulse Opinion Research),0.93,lv,2021-05-25,55.0,1500.0,43.0,277
YouGov,0.93,rv,2021-05-25,52.0,1248.0,42.0,391
Beacon Research/Shaw & Company,1.0,rv,2021-05-25,54.0,1003.0,42.0,103
Morning Consult,1.0,a,2021-05-25,54.0,45000.0,38.0,218
Morning Consult,1.0,rv,2021-05-24,55.0,1993.0,41.0,218
Morning Consult,1.0,a,2021-05-24,54.0,2200.0,39.0,218
Rasmussen (Pulse Opinion Research),0.93,lv,2021-05-24,54.0,1500.0,44.0,277
Global Strategy Group/GBAO/Navigator Research,0.9,rv,2021-05-24,53.0,1204.0,44.0,413
Quinnipiac,1.0,rv,2021-05-24,49.0,1174.0,42.0,267
Morning Consult,1.0,a,2021-05-24,54.0,45000.0,39.0,218
Léger,0.9,a,2021-05-23,51.0,1002.0,38.0,572
Rasmussen (Pulse Opinion Research),0.93,lv,2021-05-23,54.0,1500.0,43.0,277
Morning Consult,1.0,a,2021-05-23,54.0,45000.0,39.0,218
Morning Consult,1.0,a,2021-05-22,56.0,2200.0,38.0,218
Morning Consult,1.0,a,2021-05-22,54.0,45000.0,39.0,218
Morning Consult,1.0,a,2021-05-21,54.0,45000.0,38.0,218
John Zogby Strategies,0.9,lv,2021-05-20,59.0,1011.0,40.0,583
Ipsos,1.05,a,2021-05-20,55.87,1004.0,39.12,154
Harris Poll,1.05,rv,2021-05-20,62.0,973.0,38.0,133
Harris Poll,1.05,rv,2021-05-20,61.0,973.0,36.0,133
Rasmussen (Pulse Opinion Research),0.93,lv,2021-05-20,52.0,1500.0,46.0,277
Morning Consult,1.0,rv,2021-05-20,59.0,1994.0,38.0,218
American Research Group,0.75,rv,2021-05-20,57.0,987.0,37.0,9
Morning Consult,1.0,a,2021-05-20,54.0,45000.0,38.0,218
Rasmussen (Pulse Opinion Research),0.93,lv,2021-05-19,52.0,1500.0,46.0,277
HarrisX,1.05,rv,2021-05-19,60.0,1889.0,40.0,133
Morning Consult,1.0,a,2021-05-19,57.0,2200.0,38.0,218
Morning Consult,1.0,a,2021-05-19,54.0,45000.0,38.0,218
Rasmussen (Pulse Opinion Research),0.93,lv,2021-05-18,51.0,1500.0,48.0,277
YouGov,0.93,rv,2021-05-18,51.0,1239.0,43.0,391
McLaughlin,0.4,lv,2021-05-18,56.0,1000.0,43.0,203
Morning Consult,1.0,a,2021-05-18,54.0,45000.0,38.0,218
Gallup,1.05,a,2021-05-18,54.0,1016.0,40.0,112
Morning Consult,1.0,a,2021-05-17,56.0,2200.0,38.0,218
Morning Consult,1.0,rv,2021-05-17,54.0,1992.0,42.0,218
Echelon Insights,0.9,rv,2021-05-17,56.0,1132.0,42.0,407
Rasmussen (Pulse Opinion Research),0.93,lv,2021-05-17,50.0,1500.0,48.0,277
Morning Consult,1.0,a,2021-05-17,54.0,45000.0,37.0,218
Morning Consult,1.0,a,2021-05-16,56.0,2200.0,36.0,218
Rasmussen (Pulse Opinion Research),0.93,lv,2021-05-16,51.0,1500.0,48.0,277
Morning Consult,1.0,a,2021-05-16,54.0,45000.0,37.0,218
Morning Consult,1.0,a,2021-05-15,57.0,2200.0,38.0,218
Morning Consult,1.0,a,2021-05-15,55.0,2200.0,39.0,218
Morning Consult,1.0,a,2021-05-15,54.0,45000.0,37.0,218
Morning Consult,1.0,a,2021-05-14,54.0,45000.0,37.0,218
Rasmussen (Pulse Opinion Research),0.93,lv,2021-05-13,49.0,1500.0,50.0,277
YouGov,0.93,a,2021-05-13,49.0,1561.0,40.0,391
Morning Consult,1.0,a,2021-05-13,54.0,45000.0,37.0,218
Ipsos,1.05,a,2021-05-12,55.91,1005.0,38.48,154
Rasmussen (Pulse Opinion Research),0.93,lv,2021-05-12,50.0,1500.0,48.0,277
Morning Consult,1.0,a,2021-05-12,55.0,45000.0,37.0,218
Rasmussen (Pulse Opinion Research),0.93,lv,2021-05-11,48.0,1500.0,50.0,277
Civiqs,0.75,rv,2021-05-11,48.0,1464.0,46.0,471
YouGov,0.93,rv,2021-05-11,52.0,1204.0,44.0,391
Morning Consult,1.0,a,2021-05-11,55.0,45000.0,37.0,218
Rasmussen (Pulse Opinion Research),0.93,lv,2021-05-10,50.0,1500.0,48.0,277
Global Strategy Group/GBAO/Navigator Research,0.9,rv,2021-05-10,55.0,1000.0,41.0,413
Morning Consult,1.0,a,2021-05-10,55.0,45000.0,37.0,218
Redfield & Wilton Strategies,0.3,rv,2021-05-09,52.0,1500.0,36.0,562
Morning Consult,1.0,rv,2021-05-09,56.0,1994.0,40.0,218
Léger,0.9,a,2021-05-09,52.0,1003.0,38.0,572
Morning Consult,1.0,a,2021-05-09,55.0,2200.0,39.0,218
Rasmussen (Pulse Opinion Research),0.93,lv,2021-05-09,50.0,1500.0,48.0,277
Morning Consult,1.0,a,2021-05-09,55.0,45000.0,36.0,218
Morning Consult,1.0,a,2021-05-08,55.0,45000.0,36.0,218
Marist,1.0,rv,2021-05-07,53.0,1075.0,42.0,183
Morning Consult,1.0,a,2021-05-07,56.0,45000.0,36.0,218
Rasmussen (Pulse Opinion Research),0.93,lv,2021-05-06,51.0,1500.0,47.0,277
Morning Consult,1.0,a,2021-05-06,56.0,2200.0,38.0,218
Trafalgar Group,1.05,lv,2021-05-06,48.3,1574.0,47.5,338
Morning Consult,1.0,a,2021-05-06,56.0,45000.0,36.0,218
Ipsos,1.05,a,2021-05-05,54.92,1005.0,38.02,154
Rasmussen (Pulse Opinion Research),0.93,lv,2021-05-05,51.0,1500.0,47.0,277
Morning Consult,1.0,a,2021-05-05,56.0,45000.0,36.0,218
HarrisX,1.05,rv,2021-05-04,60.0,939.0,40.0,133
Rasmussen (Pulse Opinion Research),0.93,lv,2021-05-04,50.0,1500.0,47.0,277
YouGov,0.93,rv,2021-05-04,49.0,1187.0,46.0,391
Morning Consult,1.0,a,2021-05-04,56.0,45000.0,36.0,218
Morning Consult,1.0,a,2021-05-03,57.0,2200.0,36.0,218
Morning Consult,1.0,rv,2021-05-03,57.0,1991.0,38.0,218
Rasmussen (Pulse Opinion Research),0.93,lv,2021-05-03,49.0,1500.0,49.0,277
AP-NORC,0.6,a,2021-05-03,63.0,1842.0,36.0,397
Morning Consult,1.0,a,2021-05-03,56.0,45000.0,36.0,218
Morning Consult,1.0,a,2021-05-02,53.0,2200.0,39.0,218
Morning Consult,1.0,a,2021-05-02,55.0,2200.0,38.0,218
Rasmussen (Pulse Opinion Research),0.93,lv,2021-05-02,48.0,1500.0,49.0,277
Morning Consult,1.0,a,2021-05-02,56.0,45000.0,36.0,218
Morning Consult,1.0,a,2021-05-01,56.0,45000.0,36.0,218
TIPP,1.3,rv,2021-04-30,55.0,1057.0,35.0,144
Morning Consult,1.0,a,2021-04-30,55.0,45000.0,36.0,218
Rasmussen (Pulse Opinion Research),0.93,lv,2021-04-29,47.0,1500.0,51.0,277
YouGov,0.93,a,2021-04-29,54.0,1558.0,37.0,391
Harris Poll,1.05,rv,2021-04-29,59.0,940.0,38.0,133
Harris Poll,1.05,rv,2021-04-29,60.0,924.0,40.0,133
Morning Consult,1.0,a,2021-04-29,55.0,45000.0,36.0,218
Ipsos,1.05,a,2021-04-28,55.18,1005.0,37.62,154
Morning Consult,1.0,a,2021-04-28,60.0,2200.0,33.0,218
Rasmussen (Pulse Opinion Research),0.93,lv,2021-04-28,48.0,1500.0,50.0,277
HarrisX,1.05,rv,2021-04-28,60.0,2819.0,40.0,133
Morning Consult,1.0,a,2021-04-28,55.0,45000.0,36.0,218
Rasmussen (Pulse Opinion Research),0.93,lv,2021-04-27,48.0,1500.0,50.0,277
YouGov,0.93,rv,2021-04-27,52.0,1219.0,41.0,391
Morning Consult,1.0,a,2021-04-27,55.0,45000.0,36.0,218
Morning Consult,1.0,a,2021-04-27,57.0,22000.0,36.0,218
Morning Consult,1.0,rv,2021-04-26,57.0,14872.0,39.0,218
Morning Consult,1.0,rv,2021-04-26,60.0,1991.0,37.0,218
Rasmussen (Pulse Opinion Research),0.93,lv,2021-04-26,50.0,1500.0,48.0,277
Global Strategy Group/GBAO/Navigator Research,0.9,rv,2021-04-26,53.0,989.0,44.0,413
SSRS,0.65,rv,2021-04-26,52.0,,45.0,297
Morning Consult,1.0,a,2021-04-26,55.0,45000.0,36.0,218
Léger,0.9,a,2021-04-25,51.0,1003.0,39.0,572
Research Co.,1.0,a,2021-04-25,53.0,1000.0,42.0,449
Rasmussen (Pulse Opinion Research),0.93,lv,2021-04-25,51.0,1500.0,47.0,277
Morning Consult,1.0,rv,2021-04-25,57.0,1986.0,37.0,218
Morning Consult,1.0,a,2021-04-25,54.0,45000.0,36.0,218
YouGov,0.93,a,2021-04-24,58.0,2527.0,42.0,391
Morning Consult,1.0,a,2021-04-24,54.0,45000.0,37.0,218
YouGov,0.93,a,2021-04-23,51.0,1000.0,44.0,391
Morning Consult,1.0,a,2021-04-23,54.0,45000.0,37.0,218
Echelon Insights,0.9,rv,2021-04-23,54.0,1043.0,43.0,407
Ipsos,1.05,a,2021-04-22,54.49,1004.0,38.76,154
Morning Consult,1.0,a,2021-04-22,58.0,2200.0,35.0,218
Rasmussen (Pulse Opinion Research),0.93,lv,2021-04-22,52.0,1500.0,46.0,277
Morning Consult,1.0,a,2021-04-22,54.0,45000.0,37.0,218
Rasmussen (Pulse Opinion Research),0.93,lv,2021-04-21,50.0,1500.0,49.0,277
Marist,1.0,rv,2021-04-21,54.0,1688.0,44.0,183
Beacon Research/Shaw & Company,1.0,rv,2021-04-21,54.0,1002.0,43.0,103
ABC/Washington Post,1.2,a,2021-04-21,52.21,1007.0,42.09,3
Morning Consult,1.0,a,2021-04-21,54.0,45000.0,37.0,218
Gallup,1.05,a,2021-04-21,57.0,961.0,40.0,112
Rasmussen (Pulse Opinion Research),0.93,lv,2021-04-20,50.0,1500.0,48.0,277
YouGov,0.93,rv,2021-04-20,51.0,1225.0,42.0,391
American Research Group,0.75,rv,2021-04-20,59.0,988.0,35.0,9
Hart Research Associates/Public Opinion Strategies,1.1,rv,2021-04-20,51.0,790.0,43.0,221
Change Research,0.85,rv,2021-04-20,51.0,1025.0,49.0,48
Morning Consult,1.0,a,2021-04-20,53.0,45000.0,38.0,218
Morning Consult,1.0,rv,2021-04-19,58.0,1992.0,38.0,218
HarrisX,1.05,rv,2021-04-19,61.0,2881.0,39.0,133
Morning Consult,1.0,a,2021-04-19,58.0,2200.0,35.0,218
Rasmussen (Pulse Opinion Research),0.93,lv,2021-04-19,50.0,1500.0,49.0,277
Morning Consult,1.0,a,2021-04-19,58.0,2200.0,35.0,218
Morning Consult,1.0,a,2021-04-19,54.0,45000.0,38.0,218
Rasmussen (Pulse Opinion Research),0.93,lv,2021-04-18,50.0,1500.0,48.0,277
Hart Research Associates,0.65,rv,2021-04-18,57.0,1200.0,43.0,113
Morning Consult,1.0,a,2021-04-18,54.0,45000.0,37.0,218
Morning Consult,1.0,a,2021-04-17,54.0,45000.0,37.0,218
Ipsos,1.05,a,2021-04-16,55.0,4423.0,40.0,154
Ipsos,1.05,a,2021-04-16,55.0,4423.0,40.0,154
Morning Consult,1.0,a,2021-04-16,55.0,45000.0,37.0,218
Ipsos,1.05,a,2021-04-15,54.35,1005.0,37.56,154
Rasmussen (Pulse Opinion Research),0.93,lv,2021-04-15,49.0,1500.0,49.0,277
Morning Consult,1.0,a,2021-04-15,54.0,45000.0,37.0,218
Rasmussen (Pulse Opinion Research),0.93,lv,2021-04-14,50.0,1500.0,48.0,277
Morning Consult,1.0,a,2021-04-14,54.0,45000.0,37.0,218
Rasmussen (Pulse Opinion Research),0.93,lv,2021-04-13,50.0,1500.0,48.0,277
YouGov,0.93,rv,2021-04-13,51.0,1263.0,43.0,391
HarrisX,1.05,rv,2021-04-13,61.0,3766.0,39.0,133
McLaughlin,0.4,lv,2021-04-13,57.5,1000.0,40.5,203
Marist,1.0,rv,2021-04-13,52.0,1066.0,41.0,183
Morning Consult,1.0,a,2021-04-13,55.0,45000.0,36.0,218
Morning Consult,1.0,rv,2021-04-12,59.0,1992.0,37.0,218
Civiqs,0.75,rv,2021-04-12,48.0,1541.0,47.0,471
Rasmussen (Pulse Opinion Research),0.93,lv,2021-04-12,50.0,1500.0,48.0,277
Monmouth U.,1.0,rv,2021-04-12,53.0,743.0,43.0,215
Quinnipiac,1.0,rv,2021-04-12,50.0,1114.0,42.0,267
Global Strategy Group/GBAO/Navigator Research,0.9,rv,2021-04-12,55.0,1256.0,42.0,413
Morning Consult,1.0,a,2021-04-12,55.0,45000.0,36.0,218
Hart Research Associates/Public Opinion Strategies,1.1,a,2021-04-11,47.0,802.0,41.0,221
Rasmussen (Pulse Opinion Research),0.93,lv,2021-04-11,50.0,1500.0,48.0,277
Winston,0.9,rv,2021-04-11,54.0,1000.0,35.0,385
Morning Consult,1.0,a,2021-04-11,54.0,45000.0,37.0,218
Pew,0.9,a,2021-04-11,59.0,5109.0,39.0,253
Morning Consult,1.0,a,2021-04-10,55.0,45000.0,36.0,218
Morning Consult,1.0,a,2021-04-09,55.0,45000.0,36.0,218
Ipsos,1.05,a,2021-04-08,56.17,1005.0,37.46,154
Rasmussen (Pulse Opinion Research),0.93,lv,2021-04-08,50.0,1500.0,48.0,277
YouGov,0.93,a,2021-04-08,52.0,1649.0,38.0,391
Morning Consult,1.0,a,2021-04-08,55.0,45000.0,36.0,218
Rasmussen (Pulse Opinion Research),0.93,lv,2021-04-07,51.0,1500.0,48.0,277
Morning Consult,1.0,a,2021-04-07,55.0,45000.0,36.0,218
Rasmussen (Pulse Opinion Research),0.93,lv,2021-04-06,49.0,1500.0,50.0,277
YouGov,0.93,rv,2021-04-06,52.0,1243.0,42.0,391
Morning Consult,1.0,a,2021-04-06,55.0,45000.0,36.0,218
HarrisX,1.05,rv,2021-04-05,61.0,2732.0,39.0,133
Rasmussen (Pulse Opinion Research),0.93,lv,2021-04-05,47.0,1500.0,51.0,277
Morning Consult,1.0,a,2021-04-05,55.0,45000.0,36.0,218
Morning Consult,1.0,rv,2021-04-04,59.0,1989.0,37.0,218
Morning Consult,1.0,a,2021-04-04,54.0,2200.0,39.0,218
Rasmussen (Pulse Opinion Research),0.93,lv,2021-04-04,47.0,1500.0,51.0,277
Morning Consult,1.0,a,2021-04-04,55.0,45000.0,36.0,218
TIPP,1.3,rv,2021-04-03,59.0,1215.0,34.0,144
Morning Consult,1.0,a,2021-04-03,54.0,45000.0,36.0,218
Morning Consult,1.0,a,2021-04-02,57.0,2200.0,36.0,218
Morning Consult,1.0,a,2021-04-02,57.0,2200.0,36.0,218
Morning Consult,1.0,a,2021-04-02,54.0,45000.0,36.0,218
Ipsos,1.05,a,2021-04-01,54.0,1005.0,40.8,154
Rasmussen (Pulse Opinion Research),0.93,lv,2021-04-01,48.0,1500.0,50.0,277
Morning Consult,1.0,a,2021-04-01,54.0,45000.0,36.0,218
Rasmussen (Pulse Opinion Research),0.93,lv,2021-03-31,48.0,1500.0,50.0,277
Morning Consult,1.0,a,2021-03-31,54.0,45000.0,36.0,218
Rasmussen (Pulse Opinion Research),0.93,lv,2021-03-30,49.0,1500.0,49.0,277
YouGov,0.93,rv,2021-03-30,50.0,1259.0,43.0,391
Morning Consult,1.0,a,2021-03-30,54.0,45000.0,36.0,218
Morning Consult,1.0,rv,2021-03-29,58.0,2043.0,39.0,218
AP-NORC,0.6,a,2021-03-29,61.0,1166.0,38.0,397
Rasmussen (Pulse Opinion Research),0.93,lv,2021-03-29,48.0,1500.0,50.0,277
Morning Consult,1.0,a,2021-03-29,55.0,2041.0,38.0,218
Global Strategy Group/GBAO/Navigator Research,0.9,rv,2021-03-29,55.0,1002.0,41.0,413
GBAO,0.6,rv,2021-03-29,54.0,2000.0,43.0,109
Morning Consult,1.0,a,2021-03-29,54.0,45000.0,36.0,218
Rasmussen (Pulse Opinion Research),0.93,lv,2021-03-28,49.0,1500.0,50.0,277
Morning Consult,1.0,a,2021-03-28,57.0,2200.0,36.0,218
Morning Consult,1.0,a,2021-03-28,54.0,45000.0,36.0,218
Morning Consult,1.0,a,2021-03-27,55.0,45000.0,36.0,218
HarrisX,1.05,rv,2021-03-26,61.0,1882.0,39.0,133
Morning Consult,1.0,a,2021-03-26,58.0,2080.0,36.0,218
Morning Consult,1.0,a,2021-03-26,56.0,2200.0,37.0,218
Morning Consult,1.0,a,2021-03-26,55.0,45000.0,36.0,218
SurveyMonkey,0.75,a,2021-03-26,56.0,16336.0,42.0,324
Ipsos,1.05,a,2021-03-25,53.46,1005.0,40.66,154
Harris Poll,1.05,rv,2021-03-25,61.0,1945.0,39.0,133
Rasmussen (Pulse Opinion Research),0.93,lv,2021-03-25,48.0,1500.0,51.0,277
YouGov,0.93,a,2021-03-25,53.0,1606.0,36.0,391
Marist,1.0,rv,2021-03-25,52.0,1167.0,41.0,183
Morning Consult,1.0,a,2021-03-25,56.0,45000.0,36.0,218
Rasmussen (Pulse Opinion Research),0.93,lv,2021-03-24,47.0,1500.0,51.0,277
Morning Consult,1.0,a,2021-03-24,55.0,45000.0,36.0,218
Rasmussen (Pulse Opinion Research),0.93,lv,2021-03-23,48.0,1500.0,50.0,277
YouGov,0.93,rv,2021-03-23,51.0,1267.0,43.0,391
Morning Consult,1.0,a,2021-03-23,55.0,45000.0,36.0,218
Redfield & Wilton Strategies,0.3,rv,2021-03-22,53.0,1500.0,35.0,562
Morning Consult,1.0,rv,2021-03-22,57.0,1994.0,40.0,218
HarrisX,1.05,rv,2021-03-22,60.0,2858.0,40.0,133
Rasmussen (Pulse Opinion Research),0.93,lv,2021-03-22,48.0,1500.0,50.0,277
Morning Consult,1.0,a,2021-03-22,57.0,2200.0,35.0,218
Morning Consult,1.0,a,2021-03-22,60.0,2200.0,35.0,218
Climate Nexus,0.6,rv,2021-03-22,54.0,1310.0,40.0,506
Morning Consult,1.0,a,2021-03-22,56.0,2200.0,37.0,218
Morning Consult,1.0,a,2021-03-22,56.0,45000.0,36.0,218
Rasmussen (Pulse Opinion Research),0.93,lv,2021-03-21,49.0,1500.0,49.0,277
Echelon Insights,0.9,rv,2021-03-21,51.0,1008.0,44.0,407
Morning Consult,1.0,a,2021-03-21,55.0,45000.0,36.0,218
RMG Research,0.85,rv,2021-03-20,60.0,1200.0,34.0,555
American Research Group,0.75,rv,2021-03-20,60.0,989.0,34.0,9
Morning Consult,1.0,a,2021-03-20,56.0,45000.0,35.0,218
Morning Consult,1.0,a,2021-03-19,60.0,2200.0,33.0,218
Morning Consult,1.0,a,2021-03-19,56.0,45000.0,35.0,218
Ipsos,1.05,a,2021-03-18,58.74,1005.0,35.39,154
Rasmussen (Pulse Opinion Research),0.93,lv,2021-03-18,52.0,1500.0,48.0,277
Morning Consult,1.0,a,2021-03-18,56.0,45000.0,35.0,218
Rasmussen (Pulse Opinion Research),0.93,lv,2021-03-17,51.0,1500.0,47.0,277
YouGov,0.93,rv,2021-03-17,55.0,1218.0,41.0,391
Morning Consult,1.0,a,2021-03-17,56.0,45000.0,35.0,218
Rasmussen (Pulse Opinion Research),0.93,lv,2021-03-16,52.0,1500.0,46.0,277
Civiqs,0.75,rv,2021-03-16,51.0,1673.0,44.0,471
Morning Consult,1.0,a,2021-03-16,56.0,45000.0,35.0,218
Morning Consult,1.0,rv,2021-03-15,62.0,1993.0,34.0,218
Rasmussen (Pulse Opinion Research),0.93,lv,2021-03-15,51.0,1500.0,47.0,277
Global Strategy Group/GBAO/Navigator Research,0.9,rv,2021-03-15,56.0,1001.0,40.0,413
Morning Consult,1.0,a,2021-03-15,55.0,45000.0,36.0,218
Gallup,1.05,a,2021-03-15,54.0,1010.0,42.0,112
HarrisX,1.05,rv,2021-03-14,59.0,2839.0,41.0,133
Rasmussen (Pulse Opinion Research),0.93,lv,2021-03-14,52.0,1500.0,46.0,277
Morning Consult,1.0,a,2021-03-14,56.0,45000.0,35.0,218
RMG Research,0.85,rv,2021-03-13,57.0,1200.0,37.0,555
YouGov,0.93,a,2021-03-13,62.0,2382.0,38.0,391
Morning Consult,1.0,a,2021-03-13,56.0,45000.0,35.0,218
Morning Consult,1.0,a,2021-03-12,55.0,45000.0,36.0,218
Ipsos,1.05,a,2021-03-11,53.76,1001.0,39.11,154
Rasmussen (Pulse Opinion Research),0.93,lv,2021-03-11,51.0,1500.0,47.0,277
Morning Consult,1.0,a,2021-03-11,55.0,45000.0,36.0,218
YouGov,0.93,a,2021-03-10,60.0,1306.0,40.0,391
Rasmussen (Pulse Opinion Research),0.93,lv,2021-03-10,50.0,1500.0,47.0,277
Morning Consult,1.0,a,2021-03-10,55.0,45000.0,36.0,218
Rasmussen (Pulse Opinion Research),0.93,lv,2021-03-09,50.0,1500.0,48.0,277
YouGov,0.93,rv,2021-03-09,52.0,1242.0,41.0,391
Morning Consult,1.0,a,2021-03-09,55.0,45000.0,36.0,218
Morning Consult,1.0,rv,2021-03-08,59.0,1990.0,37.0,218
HarrisX,1.05,rv,2021-03-08,58.0,2839.0,42.0,133
Rasmussen (Pulse Opinion Research),0.93,lv,2021-03-08,50.0,1500.0,48.0,277
Morning Consult,1.0,a,2021-03-08,58.0,2201.0,34.0,218
Bullfinch,0.6,rv,2021-03-08,56.0,1000.0,37.0,692
SSRS,0.65,rv,2021-03-08,50.0,,44.0,297
Marist,1.0,rv,2021-03-08,48.0,1082.0,43.0,183
Morning Consult,1.0,a,2021-03-08,55.0,45000.0,36.0,218
Rasmussen (Pulse Opinion Research),0.93,lv,2021-03-07,49.0,1500.0,49.0,277
Morning Consult,1.0,a,2021-03-07,55.0,45000.0,36.0,218
Pew,0.9,a,2021-03-07,54.0,6011.0,42.0,253
Climate Nexus,0.6,rv,2021-03-07,53.0,1624.0,39.0,506
RMG Research,0.85,rv,2021-03-06,53.0,1200.0,39.0,555
Morning Consult,1.0,a,2021-03-06,54.0,45000.0,36.0,218
Morning Consult,1.0,a,2021-03-05,54.0,45000.0,36.0,218
Ipsos,1.05,a,2021-03-04,57.86,1005.0,34.53,154
Rasmussen (Pulse Opinion Research),0.93,lv,2021-03-04,49.0,1500.0,49.0,277
Morning Consult,1.0,a,2021-03-04,54.0,45000.0,36.0,218
Rasmussen (Pulse Opinion Research),0.93,lv,2021-03-03,49.0,1500.0,48.0,277
Morning Consult,1.0,a,2021-03-03,54.0,45000.0,36.0,218
Rasmussen (Pulse Opinion Research),0.93,lv,2021-03-02,50.0,1500.0,47.0,277
Morning Consult,1.0,a,2021-03-02,54.0,15000.0,36.0,218
YouGov,0.93,rv,2021-03-02,52.0,1191.0,42.0,391
Morning Consult,1.0,a,2021-03-01,54.0,15000.0,35.0,218
Morning Consult,1.0,rv,2021-03-01,57.0,1992.0,37.0,218
Morning Consult,1.0,a,2021-03-01,56.0,2200.0,37.0,218
Rasmussen (Pulse Opinion Research),0.93,lv,2021-03-01,50.0,1500.0,48.0,277
Monmouth U.,1.0,rv,2021-03-01,50.0,731.0,43.0,215
Global Strategy Group/GBAO/Navigator Research,0.9,rv,2021-03-01,53.0,1007.0,41.0,413
AP-NORC,0.6,a,2021-03-01,60.0,1434.0,40.0,397
Léger,0.9,a,2021-02-28,48.0,1002.0,38.0,572
Morning Consult,1.0,a,2021-02-28,54.0,15000.0,35.0,218
Rasmussen (Pulse Opinion Research),0.93,lv,2021-02-28,49.0,1500.0,48.0,277
McLaughlin,0.4,lv,2021-02-28,55.0,1000.0,40.0,203
PPP,1.0,rv,2021-02-27,47.0,1390.0,43.0,263
RMG Research,0.85,rv,2021-02-27,54.0,1200.0,40.0,555
Morning Consult,1.0,a,2021-02-27,54.0,15000.0,35.0,218
TIPP,1.3,rv,2021-02-27,57.0,1058.0,32.0,144
Morning Consult,1.0,a,2021-02-26,54.0,15000.0,35.0,218
HarrisX,1.05,rv,2021-02-26,58.0,1909.0,42.0,133
Ipsos,1.05,a,2021-02-25,56.54,1004.0,37.44,154
Rasmussen (Pulse Opinion Research),0.93,lv,2021-02-25,49.0,1500.0,49.0,277
Harris Poll,1.05,rv,2021-02-25,61.0,1778.0,39.0,133
Morning Consult,1.0,a,2021-02-25,54.0,15000.0,35.0,218
HarrisX,1.05,rv,2021-02-24,59.0,949.0,41.0,133
Rasmussen (Pulse Opinion Research),0.93,lv,2021-02-24,50.0,1500.0,48.0,277
Morning Consult,1.0,a,2021-02-24,54.0,15000.0,35.0,218
Marist,1.0,a,2021-02-24,51.0,1275.0,38.0,183
Rasmussen (Pulse Opinion Research),0.93,lv,2021-02-23,49.0,1500.0,49.0,277
Morning Consult,1.0,a,2021-02-23,54.0,15000.0,35.0,218
GQR / Democracy Corps,0.93,rv,2021-02-23,52.0,1000.0,37.0,126
GQR / Democracy Corps,0.93,rv,2021-02-23,52.0,1000.0,38.0,126
GQR / Democracy Corps,0.93,rv,2021-02-23,51.0,1000.0,39.0,126
YouGov,0.93,a,2021-02-22,50.0,1556.0,38.0,391
Morning Consult,1.0,a,2021-02-22,54.0,15000.0,35.0,218
YouGov,0.93,rv,2021-02-22,51.0,1201.0,40.0,391
Morning Consult,1.0,rv,2021-02-22,58.0,2013.0,36.0,218
Rasmussen (Pulse Opinion Research),0.93,lv,2021-02-22,50.0,1500.0,48.0,277
Morning Consult,1.0,a,2021-02-21,54.0,15000.0,35.0,218
Morning Consult,1.0,a,2021-02-21,57.0,2200.0,33.0,218
Rasmussen (Pulse Opinion Research),0.93,lv,2021-02-21,50.0,1500.0,49.0,277
Hart Research Associates,0.65,v,2021-02-21,58.0,1000.0,42.0,113
RMG Research,0.85,rv,2021-02-20,56.0,1200.0,37.0,555
Morning Consult,1.0,a,2021-02-20,54.0,15000.0,35.0,218
American Research Group,0.75,rv,2021-02-20,59.0,990.0,34.0,9
Morning Consult,1.0,a,2021-02-19,54.0,15000.0,35.0,218
Ipsos,1.05,a,2021-02-18,55.5,1005.0,35.95,154
Rasmussen (Pulse Opinion Research),0.93,lv,2021-02-18,49.0,1500.0,49.0,277
Morning Consult,1.0,a,2021-02-18,54.0,15000.0,35.0,218
Echelon Insights,0.9,rv,2021-02-18,51.0,1005.0,42.0,407
Gallup,1.05,a,2021-02-18,56.0,1021.0,40.0,112
Rasmussen (Pulse Opinion Research),0.93,lv,2021-02-17,50.0,1500.0,48.0,277
Morning Consult,1.0,a,2021-02-17,54.0,15000.0,35.0,218
Rasmussen (Pulse Opinion Research),0.93,lv,2021-02-16,50.0,1500.0,47.0,277
Morning Consult,1.0,a,2021-02-16,54.0,15000.0,34.0,218
YouGov,0.93,rv,2021-02-16,55.0,1259.0,40.0,391
Morning Consult,1.0,rv,2021-02-15,62.0,1984.0,33.0,218
Morning Consult,1.0,a,2021-02-15,54.0,15000.0,34.0,218
Morning Consult,1.0,rv,2021-02-15,56.0,1987.0,38.0,218
HarrisX,1.05,rv,2021-02-15,59.0,2835.0,41.0,133
Morning Consult,1.0,a,2021-02-15,56.0,2200.0,34.0,218
Morning Consult,1.0,a,2021-02-15,56.0,4400.0,35.0,218
Rasmussen (Pulse Opinion Research),0.93,lv,2021-02-15,53.0,1500.0,44.0,277
Global Strategy Group/GBAO/Navigator Research,0.9,rv,2021-02-15,56.0,1067.0,38.0,413
Morning Consult,1.0,a,2021-02-14,54.0,15000.0,34.0,218
Quinnipiac,1.0,rv,2021-02-14,52.0,960.0,38.0,267
Rasmussen (Pulse Opinion Research),0.93,lv,2021-02-14,53.0,1500.0,43.0,277
Saint Leo U.,0.3,a,2021-02-14,60.9,1000.0,32.3,299
Morning Consult,1.0,a,2021-02-13,55.0,15000.0,34.0,218
RMG Research,0.85,rv,2021-02-13,57.0,1200.0,35.0,555
Morning Consult,1.0,a,2021-02-12,55.0,15000.0,33.0,218
Rasmussen (Pulse Opinion Research),0.93,lv,2021-02-11,52.0,1500.0,45.0,277
Morning Consult,1.0,a,2021-02-11,55.0,15000.0,33.0,218
Ipsos,1.05,a,2021-02-10,57.42,1001.0,35.18,154
Rasmussen (Pulse Opinion Research),0.93,lv,2021-02-10,50.0,1500.0,47.0,277
Morning Consult,1.0,a,2021-02-10,55.0,15000.0,33.0,218
HarrisX,1.05,rv,2021-02-09,60.0,938.0,40.0,133
Rasmussen (Pulse Opinion Research),0.93,lv,2021-02-09,51.0,1500.0,47.0,277
Morning Consult,1.0,a,2021-02-09,55.0,15000.0,33.0,218
YouGov,0.93,rv,2021-02-09,53.0,1306.0,40.0,391
Morning Consult,1.0,a,2021-02-08,55.0,15000.0,33.0,218
YouGov,0.93,a,2021-02-08,61.0,2508.0,39.0,391
Rasmussen (Pulse Opinion Research),0.93,lv,2021-02-08,51.0,1500.0,46.0,277
Morning Consult,1.0,rv,2021-02-07,59.0,1986.0,35.0,218
Morning Consult,1.0,a,2021-02-07,55.0,15000.0,33.0,218
Rasmussen (Pulse Opinion Research),0.93,lv,2021-02-07,50.0,1500.0,47.0,277
RMG Research,0.85,rv,2021-02-06,60.0,1200.0,32.0,555
Morning Consult,1.0,a,2021-02-06,54.0,15000.0,34.0,218
Morning Consult,1.0,a,2021-02-05,54.0,15000.0,34.0,218
Rasmussen (Pulse Opinion Research),0.93,lv,2021-02-04,49.0,1500.0,48.0,277
Morning Consult,1.0,a,2021-02-04,54.0,15000.0,34.0,218
Ipsos,1.05,a,2021-02-03,57.46,1005.0,34.28,154
Emerson College Polling Society,1.05,a,2021-02-03,49.0,1429.0,39.0,88
Rasmussen (Pulse Opinion Research),0.93,lv,2021-02-03,52.0,1500.0,46.0,277
Morning Consult,1.0,a,2021-02-03,54.0,15000.0,33.0,218
YouGov,0.93,rv,2021-02-02,50.0,1272.0,40.0,391
Rasmussen (Pulse Opinion Research),0.93,lv,2021-02-02,51.0,1500.0,47.0,277
Morning Consult,1.0,a,2021-02-02,54.0,15000.0,33.0,218
Gallup,1.05,a,2021-02-02,57.0,906.0,37.0,112
Morning Consult,1.0,rv,2021-02-01,56.0,9000.0,37.0,218
Morning Consult,1.0,rv,2021-02-01,58.0,1986.0,35.0,218
Morning Consult,1.0,a,2021-02-01,57.0,2200.0,33.0,218
Rasmussen (Pulse Opinion Research),0.93,lv,2021-02-01,51.0,1500.0,45.0,277
Quinnipiac,1.0,rv,2021-02-01,50.0,983.0,36.0,267
AP-NORC,0.6,a,2021-02-01,61.0,1055.0,38.0,397
Global Strategy Group/GBAO/Navigator Research,0.9,rv,2021-02-01,53.0,1005.0,39.0,413
Morning Consult,1.0,a,2021-01-31,54.0,15000.0,33.0,218
Rasmussen (Pulse Opinion Research),0.93,lv,2021-01-31,49.0,1500.0,46.0,277
Morning Consult,1.0,a,2021-01-30,55.0,2200.0,34.0,218
Morning Consult,1.0,a,2021-01-30,54.0,15000.0,32.0,218
RMG Research,0.85,rv,2021-01-30,58.0,1200.0,35.0,555
Morning Consult,1.0,a,2021-01-30,57.0,2200.0,33.0,218
John Zogby Strategies,0.9,lv,2021-01-29,56.1,841.0,36.4,583
HarrisX,1.05,rv,2021-01-29,61.0,945.0,39.0,133
TIPP,1.3,rv,2021-01-29,58.0,1002.0,29.0,144
Morning Consult,1.0,a,2021-01-29,54.0,15000.0,32.0,218
Morning Consult,1.0,a,2021-01-28,56.0,2200.0,33.0,218
Rasmussen (Pulse Opinion Research),0.93,lv,2021-01-28,50.0,1500.0,45.0,277
Morning Consult,1.0,a,2021-01-28,56.0,3423.0,31.0,218
Morning Consult,1.0,a,2021-01-28,54.0,15000.0,32.0,218
Rasmussen (Pulse Opinion Research),0.93,lv,2021-01-27,49.0,1500.0,48.0,277
Morning Consult,1.0,a,2021-01-27,54.0,15000.0,31.0,218
Marist,1.0,rv,2021-01-27,50.0,1153.0,36.0,183
Morning Consult,1.0,a,2021-01-26,58.0,2200.0,32.0,218
Rasmussen (Pulse Opinion Research),0.93,lv,2021-01-26,48.0,1500.0,48.0,277
YouGov,0.93,rv,2021-01-26,52.0,1245.0,36.0,391
Morning Consult,1.0,a,2021-01-26,53.0,15000.0,30.0,218
Echelon Insights,0.9,rv,2021-01-26,55.0,1006.0,33.0,407
Morning Consult,1.0,a,2021-01-25,53.0,15000.0,30.0,218
Morning Consult,1.0,rv,2021-01-25,59.0,1990.0,32.0,218
Data for Progress,0.93,lv,2021-01-25,57.0,1164.0,36.0,522
Morning Consult,1.0,a,2021-01-25,56.0,2200.0,32.0,218
Rasmussen (Pulse Opinion Research),0.93,lv,2021-01-25,48.0,1500.0,47.0,277
Morning Consult,1.0,rv,2021-01-24,56.0,11444.0,34.0,218
Monmouth U.,1.0,rv,2021-01-24,54.0,736.0,31.0,215
Rasmussen (Pulse Opinion Research),0.93,lv,2021-01-24,48.0,1500.0,47.0,277
RMG Research,0.85,rv,2021-01-23,58.0,1200.0,32.0,555
Morning Consult,1.0,a,2021-01-23,52.0,15000.0,29.0,218
HarrisX,1.05,rv,2021-01-22,63.0,941.0,37.0,133
Morning Consult,1.0,rv,2021-01-22,54.0,9000.0,31.0,218
Morning Consult,1.0,rv,2021-01-21,56.0,1993.0,31.0,218
Ipsos,1.05,rv,2021-01-21,57.0,950.0,32.0,154
YouGov,0.93,a,2021-01-21,45.0,1516.0,28.0,391
Rasmussen (Pulse Opinion Research),0.93,lv,2021-01-21,48.0,1500.0,45.0,277
Morning Consult,1.0,a,2021-01-21,50.0,15000.0,28.0,218
