AL,AK,AZ,AR,CA,CO,CT,FL,GA,HI,ID,IL,IN,IA,KS,KY,LA,MD,MO,NV,NH,NY,NC,ND,OH,OK,OKS,OR,PA,SC,SD,UT,VT,WA,WI,id,seats,prob
R,R,R,R,D,R,D,R,R,D,R,D,R,R,R,R,R,D,R,R,R,D,R,R,R,R,R,R,R,R,R,R,D,D,R,RRRRDRDRRDRDRRRRRDRRRDRRRRRRRRRRDDR,56.0,1.0
R,R,D,R,D,D,D,D,D,D,R,D,R,R,R,R,R,D,R,D,D,D,R,R,R,R,R,D,D,R,R,R,D,D,D,RRDRDDDDDDRDRRRRRDRDDDRRRRRDDRRRDDD,47.0,1.0999999999999999
R,R,R,R,D,D,D,R,D,D,R,D,R,R,R,R,R,D,R,D,D,D,R,R,R,R,R,D,D,R,R,R,D,D,D,RRRRDDDRDDRDRRRRRDRDDDRRRRRDDRRRDDD,49.0,0.3
R,R,D,R,D,D,D,R,D,D,R,D,R,R,R,R,R,D,R,D,D,D,R,R,R,R,R,D,D,R,R,R,D,D,R,RRDRDDDRDDRDRRRRRDRDDDRRRRRDDRRRDDR,49.0,3.3000000000000003
R,R,D,R,D,D,D,R,D,D,R,D,R,R,R,R,R,D,R,D,D,D,R,R,R,R,R,D,R,R,R,R,D,D,D,RRDRDDDRDDRDRRRRRDRDDDRRRRRDRRRRDDD,49.0,0.8999999999999999
R,R,D,R,D,D,D,D,D,D,R,D,R,D,R,R,R,D,R,D,D,D,R,R,R,R,R,D,D,R,R,R,D,D,D,RRDRDDDDDDRDRDRRRDRDDDRRRRRDDRRRDDD,46.0,0.1
R,R,R,R,D,D,D,R,R,D,R,R,R,R,R,R,R,D,R,R,R,D,R,R,R,R,R,D,R,R,R,R,D,D,R,RRRRDDDRRDRRRRRRRDRRRDRRRRRDRRRRDDR,55.0,0.8
R,R,R,R,D,D,D,R,R,D,R,D,R,R,R,R,R,D,R,D,R,D,R,R,R,R,R,D,R,R,R,R,D,D,R,RRRRDDDRRDRDRRRRRDRDRDRRRRRDRRRRDDR,53.0,1.7999999999999998
R,R,D,R,D,R,D,R,R,D,R,D,R,R,R,R,R,D,R,R,R,D,R,R,R,R,R,D,R,R,R,R,D,D,R,RRDRDRDRRDRDRRRRRDRRRDRRRRRDRRRRDDR,54.0,0.2
R,R,D,R,D,D,D,R,D,D,R,D,R,R,R,R,R,D,R,R,D,D,R,R,R,R,R,D,D,R,R,R,D,D,R,RRDRDDDRDDRDRRRRRDRRDDRRRRRDDRRRDDR,50.0,1.0999999999999999
R,R,R,R,D,R,D,R,R,D,R,D,R,R,R,R,R,D,R,R,R,D,R,R,R,R,R,D,R,R,R,R,D,D,R,RRRRDRDRRDRDRRRRRDRRRDRRRRRDRRRRDDR,55.0,7.3
R,R,D,R,D,D,D,R,R,D,R,D,R,R,R,R,R,D,R,R,R,D,R,R,R,R,R,D,R,R,R,R,D,D,R,RRDRDDDRRDRDRRRRRDRRRDRRRRRDRRRRDDR,53.0,1.2
R,R,R,R,D,D,D,R,D,D,R,D,R,R,R,R,R,D,R,D,D,D,R,R,R,R,R,D,D,R,R,R,D,D,R,RRRRDDDRDDRDRRRRRDRDDDRRRRRDDRRRDDR,50.0,1.5
R,R,R,R,D,D,D,R,R,D,R,D,R,R,R,R,R,D,R,R,R,D,R,R,R,R,R,D,R,R,R,R,D,D,R,RRRRDDDRRDRDRRRRRDRRRDRRRRRDRRRRDDR,54.0,13.0
R,R,R,R,D,D,D,R,D,D,R,D,R,R,R,R,R,D,R,D,D,D,D,R,R,R,R,D,R,R,R,R,D,D,R,RRRRDDDRDDRDRRRRRDRDDDDRRRRDRRRRDDR,50.0,0.2
R,R,R,R,D,D,D,R,R,D,R,D,R,R,R,R,R,D,R,R,D,D,R,R,R,R,R,D,R,R,R,R,D,D,R,RRRRDDDRRDRDRRRRRDRRDDRRRRRDRRRRDDR,53.0,6.1
R,R,D,R,D,D,D,R,D,D,R,D,R,R,R,R,R,D,R,D,D,D,D,R,R,R,R,D,D,R,R,R,D,D,D,RRDRDDDRDDRDRRRRRDRDDDDRRRRDDRRRDDD,47.0,2.1999999999999997
R,R,D,R,D,D,D,R,D,D,R,D,R,D,R,R,R,D,R,D,D,D,D,R,D,R,R,D,D,R,R,R,D,D,D,RRDRDDDRDDRDRDRRRDRDDDDRDRRDDRRRDDD,45.0,0.2
R,R,D,R,D,D,D,D,D,D,R,D,R,R,R,R,R,D,R,D,D,D,D,R,R,R,R,D,D,R,R,R,D,D,D,RRDRDDDDDDRDRRRRRDRDDDDRRRRDDRRRDDD,46.0,1.6
R,R,D,R,D,D,D,R,R,D,R,D,R,R,R,R,R,D,R,R,D,D,R,R,R,R,R,D,D,R,R,R,D,D,R,RRDRDDDRRDRDRRRRRDRRDDRRRRRDDRRRDDR,51.0,0.8
R,R,D,R,D,D,D,R,R,D,R,D,R,R,R,R,R,D,R,D,R,D,R,R,R,R,R,D,R,R,R,R,D,D,R,RRDRDDDRRDRDRRRRRDRDRDRRRRRDRRRRDDR,52.0,0.8
R,R,D,R,D,D,D,R,D,D,R,D,R,R,R,R,R,D,R,D,D,D,R,R,R,R,R,D,D,R,R,R,D,D,D,RRDRDDDRDDRDRRRRRDRDDDRRRRRDDRRRDDD,48.0,3.0
R,R,D,R,D,D,D,R,D,D,R,D,R,R,R,R,R,D,R,R,D,D,D,R,R,R,R,D,R,R,R,R,D,D,R,RRDRDDDRDDRDRRRRRDRRDDDRRRRDRRRRDDR,50.0,0.3
R,R,R,R,D,R,R,R,R,D,R,D,R,R,R,R,R,D,R,R,R,R,R,R,R,R,R,D,R,R,R,R,D,D,R,RRRRDRRRRDRDRRRRRDRRRRRRRRRDRRRRDDR,57.0,0.2
R,R,D,R,D,D,D,R,R,D,R,D,R,R,R,R,R,D,R,D,D,D,R,R,R,R,R,D,R,R,R,R,D,D,R,RRDRDDDRRDRDRRRRRDRDDDRRRRRDRRRRDDR,51.0,1.0999999999999999
R,R,R,R,D,D,D,R,R,D,R,D,R,R,R,R,R,D,R,D,D,D,R,R,R,R,R,D,R,R,R,R,D,D,R,RRRRDDDRRDRDRRRRRDRDDDRRRRRDRRRRDDR,52.0,2.4
R,R,D,R,D,D,D,D,R,D,R,D,R,R,R,R,R,D,R,D,D,D,R,R,R,R,R,D,R,R,R,R,D,D,D,RRDRDDDDRDRDRRRRRDRDDDRRRRRDRRRRDDD,49.0,0.2
R,R,D,R,D,D,D,D,D,D,R,D,R,R,R,R,R,D,R,D,D,D,D,R,D,R,R,D,D,R,R,R,D,D,D,RRDRDDDDDDRDRRRRRDRDDDDRDRRDDRRRDDD,45.0,0.7000000000000001
R,R,R,R,D,D,D,R,R,D,R,D,R,R,R,R,R,D,R,D,R,D,R,R,R,R,R,D,D,R,R,R,D,D,D,RRRRDDDRRDRDRRRRRDRDRDRRRRRDDRRRDDD,51.0,0.1
R,R,R,R,D,D,D,R,D,D,R,D,R,R,R,R,R,D,R,R,R,D,R,R,R,R,R,D,R,R,R,R,D,D,R,RRRRDDDRDDRDRRRRRDRRRDRRRRRDRRRRDDR,53.0,1.4000000000000001
R,R,D,R,D,D,D,R,D,D,R,D,R,R,R,R,R,D,R,D,D,D,R,R,R,R,R,D,R,R,R,R,D,D,R,RRDRDDDRDDRDRRRRRDRDDDRRRRRDRRRRDDR,50.0,1.6
R,R,R,R,D,D,D,R,R,D,R,D,R,R,R,R,R,D,R,R,D,D,R,R,R,R,R,D,D,R,R,R,D,D,R,RRRRDDDRRDRDRRRRRDRRDDRRRRRDDRRRDDR,52.0,0.8999999999999999
R,R,R,R,D,D,R,R,R,D,R,R,R,R,R,R,R,D,R,R,R,D,R,R,R,R,R,D,R,R,R,R,D,D,R,RRRRDDRRRDRRRRRRRDRRRDRRRRRDRRRRDDR,56.0,0.2
R,R,R,R,D,D,D,D,R,D,R,D,R,R,R,R,R,D,R,D,D,D,R,R,R,R,R,D,D,R,R,R,D,D,R,RRRRDDDDRDRDRRRRRDRDDDRRRRRDDRRRDDR,50.0,0.1
R,R,D,R,D,D,D,D,D,D,R,D,D,R,D,R,R,D,R,D,D,D,D,R,R,R,R,D,D,R,R,D,D,D,D,RRDRDDDDDDRDDRDRRDRDDDDRRRRDDRRDDDD,43.0,0.1
R,R,R,R,D,D,D,R,D,D,R,D,R,R,R,R,R,D,R,D,D,D,R,R,R,R,R,D,R,R,R,R,D,D,R,RRRRDDDRDDRDRRRRRDRDDDRRRRRDRRRRDDR,51.0,1.9
R,R,D,R,D,D,D,D,D,D,R,D,R,R,R,R,R,D,R,D,D,D,D,R,R,R,R,D,R,R,R,R,D,D,D,RRDRDDDDDDRDRRRRRDRDDDDRRRRDRRRRDDD,47.0,0.1
R,R,D,R,D,D,D,R,D,D,R,D,R,R,R,R,R,D,R,D,D,D,D,R,D,R,R,D,D,R,R,R,D,D,D,RRDRDDDRDDRDRRRRRDRDDDDRDRRDDRRRDDD,46.0,0.8999999999999999
R,R,D,R,D,D,D,D,R,D,R,D,R,R,R,R,R,D,R,D,D,D,R,R,R,R,R,D,R,R,R,R,D,D,R,RRDRDDDDRDRDRRRRRDRDDDRRRRRDRRRRDDR,50.0,0.1
R,R,R,R,D,D,R,R,R,D,R,D,R,R,R,R,R,D,R,R,R,D,R,R,R,R,R,R,R,R,R,R,D,D,R,RRRRDDRRRDRDRRRRRDRRRDRRRRRRRRRRDDR,56.0,0.3
R,R,D,R,D,D,D,R,D,D,R,D,R,R,R,R,R,D,R,R,D,D,R,R,R,R,R,D,R,R,R,R,D,D,R,RRDRDDDRDDRDRRRRRDRRDDRRRRRDRRRRDDR,51.0,0.8
R,R,D,R,D,D,D,R,D,D,R,D,R,R,R,R,D,D,R,D,D,D,R,R,R,R,R,D,D,R,R,R,D,D,R,RRDRDDDRDDRDRRRRDDRDDDRRRRRDDRRRDDR,48.0,0.1
R,R,R,R,D,D,D,R,R,D,R,R,R,R,R,R,R,D,R,R,D,D,R,R,R,R,R,D,R,R,R,R,D,D,R,RRRRDDDRRDRRRRRRRDRRDDRRRRRDRRRRDDR,54.0,0.1
R,R,R,R,D,D,D,R,R,D,R,D,R,R,R,R,R,D,R,D,D,D,D,R,R,R,R,D,R,R,R,R,D,D,R,RRRRDDDRRDRDRRRRRDRDDDDRRRRDRRRRDDR,51.0,0.3
R,R,D,R,D,D,D,R,D,D,R,D,R,R,R,R,R,D,R,D,D,D,D,R,R,R,R,D,D,D,R,R,D,D,D,RRDRDDDRDDRDRRRRRDRDDDDRRRRDDDRRDDD,46.0,0.2
R,R,R,R,D,D,D,D,D,D,R,D,R,R,R,R,R,D,R,D,D,D,R,R,R,R,R,D,D,R,R,R,D,D,D,RRRRDDDDDDRDRRRRRDRDDDRRRRRDDRRRDDD,48.0,0.1
R,R,R,R,D,D,D,R,R,D,R,D,R,R,R,R,R,D,R,D,D,D,R,R,R,R,R,D,D,R,R,R,D,D,R,RRRRDDDRRDRDRRRRRDRDDDRRRRRDDRRRDDR,51.0,1.0999999999999999
R,R,R,R,D,D,D,D,D,D,R,D,R,R,R,R,R,D,R,D,D,D,D,R,R,R,R,D,R,R,R,R,D,D,R,RRRRDDDDDDRDRRRRRDRDDDDRRRRDRRRRDDR,49.0,0.1
R,R,D,R,D,D,D,R,D,D,R,D,R,R,R,R,R,D,R,D,R,D,R,R,R,R,R,D,R,R,R,R,D,D,D,RRDRDDDRDDRDRRRRRDRDRDRRRRRDRRRRDDD,50.0,0.2
R,R,R,R,R,R,D,R,R,D,R,D,R,R,R,R,R,D,R,R,R,D,R,R,R,R,R,D,R,R,R,R,D,D,R,RRRRRRDRRDRDRRRRRDRRRDRRRRRDRRRRDDR,56.0,0.3
R,R,D,R,D,D,D,R,D,D,R,D,R,R,R,R,R,D,R,D,D,D,D,R,R,R,R,D,R,R,R,R,D,D,D,RRDRDDDRDDRDRRRRRDRDDDDRRRRDRRRRDDD,48.0,0.3
R,R,D,R,D,D,D,D,D,D,R,D,R,R,R,R,R,D,R,D,D,D,D,R,R,R,R,D,D,R,R,R,D,D,R,RRDRDDDDDDRDRRRRRDRDDDDRRRRDDRRRDDR,47.0,1.2
R,R,R,R,D,R,D,R,R,D,R,R,R,R,R,R,R,D,R,R,D,D,R,R,R,R,R,D,R,R,R,R,D,D,R,RRRRDRDRRDRRRRRRRDRRDDRRRRRDRRRRDDR,55.0,0.3
R,R,D,R,D,D,D,R,D,D,R,D,R,R,D,R,R,D,R,D,D,D,D,R,R,R,R,D,D,R,R,R,D,D,R,RRDRDDDRDDRDRRDRRDRDDDDRRRRDDRRRDDR,47.0,0.1
R,R,D,R,D,D,D,R,D,D,R,D,R,R,R,R,R,D,R,R,D,D,R,R,R,R,R,D,R,R,R,R,D,D,D,RRDRDDDRDDRDRRRRRDRRDDRRRRRDRRRRDDD,50.0,0.5
R,R,D,R,D,D,D,R,D,D,R,D,R,R,R,R,R,D,R,D,D,D,R,R,D,R,R,D,D,R,R,R,D,D,D,RRDRDDDRDDRDRRRRRDRDDDRRDRRDDRRRDDD,47.0,0.8999999999999999
R,R,D,R,D,D,D,R,D,D,R,D,R,R,R,R,R,D,D,D,D,D,D,R,R,R,R,D,D,R,R,R,D,D,D,RRDRDDDRDDRDRRRRRDDDDDDRRRRDDRRRDDD,46.0,0.1
R,R,D,R,D,D,D,R,D,D,R,D,R,R,R,R,R,D,R,D,R,D,R,R,R,R,R,D,R,R,R,R,D,D,R,RRDRDDDRDDRDRRRRRDRDRDRRRRRDRRRRDDR,51.0,0.4
R,D,D,R,D,D,D,D,D,D,R,D,R,R,R,R,R,D,R,D,D,D,R,R,R,R,R,D,D,R,R,R,D,D,D,RDDRDDDDDDRDRRRRRDRDDDRRRRRDDRRRDDD,46.0,0.1
R,R,R,R,D,D,D,R,D,D,R,D,R,R,R,R,R,D,R,D,D,D,D,R,R,R,R,D,R,R,R,R,D,D,D,RRRRDDDRDDRDRRRRRDRDDDDRRRRDRRRRDDD,49.0,0.2
R,R,D,R,D,D,D,R,R,D,R,D,R,R,R,R,R,D,R,R,D,D,R,R,R,R,R,D,R,R,R,R,D,D,R,RRDRDDDRRDRDRRRRRDRRDDRRRRRDRRRRDDR,52.0,1.6
R,R,R,R,D,D,D,R,D,D,R,D,R,R,R,R,R,D,R,R,D,D,R,R,R,R,R,D,R,R,R,R,D,D,R,RRRRDDDRDDRDRRRRRDRRDDRRRRRDRRRRDDR,52.0,1.2
R,R,R,R,D,D,D,R,D,D,R,D,R,R,R,R,R,D,R,R,R,D,R,R,R,R,R,D,D,R,R,R,D,D,R,RRRRDDDRDDRDRRRRRDRRRDRRRRRDDRRRDDR,52.0,0.2
R,R,D,R,D,D,D,D,D,D,R,D,R,R,R,R,R,D,R,D,D,D,R,R,R,R,R,D,R,R,R,R,D,D,D,RRDRDDDDDDRDRRRRRDRDDDRRRRRDRRRRDDD,48.0,0.2
R,R,D,R,D,D,D,R,D,D,R,D,R,R,R,R,R,D,R,D,D,D,R,R,D,R,R,D,D,R,R,R,D,D,R,RRDRDDDRDDRDRRRRRDRDDDRRDRRDDRRRDDR,48.0,0.5
R,R,R,R,D,D,D,R,D,D,R,D,R,R,R,R,R,D,R,D,D,D,R,R,R,R,R,D,R,R,R,R,D,D,D,RRRRDDDRDDRDRRRRRDRDDDRRRRRDRRRRDDD,50.0,0.3
R,R,D,R,D,D,D,R,D,D,R,D,R,R,R,R,R,D,R,D,D,D,D,R,R,R,R,D,D,R,R,R,D,D,R,RRDRDDDRDDRDRRRRRDRDDDDRRRRDDRRRDDR,48.0,1.3
R,R,D,R,D,D,D,D,R,D,R,D,R,R,R,R,R,D,R,D,D,D,D,R,R,R,R,D,D,R,R,R,D,D,R,RRDRDDDDRDRDRRRRRDRDDDDRRRRDDRRRDDR,48.0,0.2
R,R,R,R,D,D,D,R,R,D,R,D,R,R,R,R,R,D,R,D,D,D,D,R,R,R,R,D,D,R,R,R,D,D,D,RRRRDDDRRDRDRRRRRDRDDDDRRRRDDRRRDDD,49.0,0.1
R,R,D,R,D,D,D,D,D,D,R,D,R,R,R,R,R,D,R,D,D,D,R,R,R,R,R,D,D,R,R,R,D,D,R,RRDRDDDDDDRDRRRRRDRDDDRRRRRDDRRRDDR,48.0,0.4
R,R,R,R,D,R,D,R,R,D,R,D,R,R,R,R,R,D,R,R,D,D,R,R,R,R,R,D,R,R,R,R,D,D,R,RRRRDRDRRDRDRRRRRDRRDDRRRRRDRRRRDDR,54.0,1.7999999999999998
R,R,D,R,D,D,D,R,R,D,R,D,R,R,R,R,R,D,R,D,D,D,D,R,R,R,R,D,R,R,R,R,D,D,R,RRDRDDDRRDRDRRRRRDRDDDDRRRRDRRRRDDR,50.0,0.2
R,R,R,R,D,R,R,R,R,D,R,D,R,R,R,R,R,D,R,R,R,D,R,R,R,R,R,D,R,R,R,R,D,D,R,RRRRDRRRRDRDRRRRRDRRRDRRRRRDRRRRDDR,56.0,0.3
R,R,R,R,D,R,R,R,R,D,R,R,R,R,R,R,R,D,R,R,D,D,R,R,R,R,R,D,R,R,R,R,D,R,R,RRRRDRRRRDRRRRRRRDRRDDRRRRRDRRRRDRR,57.0,0.1
R,R,R,R,D,R,R,R,R,D,R,D,R,R,R,R,R,D,R,R,R,D,R,R,R,R,R,R,R,R,R,R,R,D,R,RRRRDRRRRDRDRRRRRDRRRDRRRRRRRRRRRDR,58.0,0.1
R,R,R,R,D,R,D,R,R,D,R,R,R,R,R,R,R,D,R,R,R,D,R,R,R,R,R,D,R,R,R,R,D,R,R,RRRRDRDRRDRRRRRRRDRRRDRRRRRDRRRRDRR,57.0,0.4
R,R,D,R,D,D,D,R,D,D,R,D,R,R,R,R,R,D,D,D,D,D,D,R,R,R,R,D,R,R,R,R,D,D,D,RRDRDDDRDDRDRRRRRDDDDDDRRRRDRRRRDDD,47.0,0.1
D,R,D,R,D,D,D,R,D,D,R,D,R,R,R,R,R,D,R,D,D,D,R,R,D,R,R,D,D,R,R,R,D,D,D,DRDRDDDRDDRDRRRRRDRDDDRRDRRDDRRRDDD,46.0,0.1
R,R,R,R,D,D,D,R,D,D,R,D,R,R,R,R,R,D,R,R,R,D,R,R,R,R,R,D,R,R,R,R,D,D,D,RRRRDDDRDDRDRRRRRDRRRDRRRRRDRRRRDDD,52.0,0.1
R,R,D,R,D,D,D,D,D,D,R,D,R,R,R,R,R,D,D,D,D,D,D,R,R,R,R,D,D,R,R,R,D,D,R,RRDRDDDDDDRDRRRRRDDDDDDRRRRDDRRRDDR,46.0,0.1
R,R,D,R,D,D,D,R,R,D,R,D,R,R,R,R,R,D,R,D,D,D,R,R,R,R,R,D,D,R,R,R,D,D,D,RRDRDDDRRDRDRRRRRDRDDDRRRRRDDRRRDDD,49.0,0.7000000000000001
R,R,D,R,D,D,D,R,R,D,R,D,R,R,R,R,R,D,R,D,D,D,D,R,R,R,R,D,R,R,R,R,D,D,D,RRDRDDDRRDRDRRRRRDRDDDDRRRRDRRRRDDD,49.0,0.3
R,R,D,R,D,D,D,R,D,D,R,D,R,R,R,R,D,D,R,D,D,D,R,R,R,R,R,D,D,D,R,R,D,D,D,RRDRDDDRDDRDRRRRDDRDDDRRRRRDDDRRDDD,46.0,0.1
R,R,D,R,D,D,D,R,R,D,R,D,R,R,R,R,R,D,R,D,D,D,R,R,D,R,R,D,D,R,R,R,D,D,R,RRDRDDDRRDRDRRRRRDRDDDRRDRRDDRRRDDR,49.0,0.1
R,R,R,R,D,R,D,R,R,D,R,R,R,R,R,R,R,D,R,R,R,D,R,R,R,R,R,D,R,R,R,R,D,D,R,RRRRDRDRRDRRRRRRRDRRRDRRRRRDRRRRDDR,56.0,0.8
R,R,R,R,D,R,R,R,R,D,R,D,R,R,R,R,R,D,R,R,R,D,R,R,R,R,R,D,R,R,R,R,D,R,R,RRRRDRRRRDRDRRRRRDRRRDRRRRRDRRRRDRR,57.0,0.2
R,R,R,R,D,D,D,R,R,D,R,D,R,R,R,R,R,D,R,R,R,D,R,R,R,R,R,D,R,R,R,R,D,R,R,RRRRDDDRRDRDRRRRRDRRRDRRRRRDRRRRDRR,55.0,0.5
R,R,R,R,D,R,D,R,R,D,R,D,R,R,R,R,R,D,R,R,D,D,R,R,R,R,R,R,R,R,R,R,D,D,R,RRRRDRDRRDRDRRRRRDRRDDRRRRRRRRRRDDR,55.0,0.1
R,R,D,R,D,D,D,R,D,D,R,D,R,R,R,R,R,D,R,R,D,D,R,R,R,R,R,D,D,R,R,R,D,D,D,RRDRDDDRDDRDRRRRRDRRDDRRRRRDDRRRDDD,49.0,0.2
R,R,D,R,D,D,D,D,D,D,R,D,R,R,R,R,R,D,R,D,D,D,R,R,D,R,R,D,D,R,R,R,D,D,D,RRDRDDDDDDRDRRRRRDRDDDRRDRRDDRRRDDD,46.0,0.3
R,R,R,R,D,D,D,R,D,D,R,D,R,R,R,R,R,D,R,D,R,D,R,R,R,R,R,D,R,R,R,R,D,D,R,RRRRDDDRDDRDRRRRRDRDRDRRRRRDRRRRDDR,52.0,0.8
R,R,D,R,D,D,D,R,R,D,R,D,R,R,R,R,R,D,R,D,D,D,R,R,R,R,R,D,D,R,R,R,D,D,R,RRDRDDDRRDRDRRRRRDRDDDRRRRRDDRRRDDR,50.0,0.4
R,R,R,R,R,D,D,R,R,D,R,D,R,R,R,R,R,D,R,R,R,D,R,R,R,R,R,D,R,R,R,R,D,D,R,RRRRRDDRRDRDRRRRRDRRRDRRRRRDRRRRDDR,55.0,0.2
R,R,D,R,D,D,D,D,R,D,R,D,R,R,R,R,R,D,R,D,D,D,D,R,D,R,R,D,D,R,R,R,D,D,R,RRDRDDDDRDRDRRRRRDRDDDDRDRRDDRRRDDR,47.0,0.1
R,R,R,R,D,D,D,R,R,D,R,D,R,R,R,R,R,D,R,D,D,D,D,R,R,R,R,D,D,R,R,R,D,D,R,RRRRDDDRRDRDRRRRRDRDDDDRRRRDDRRRDDR,50.0,0.3
R,R,D,R,D,D,D,R,R,D,R,D,R,R,R,R,R,D,R,D,D,D,R,R,R,R,R,D,R,R,R,R,D,D,D,RRDRDDDRRDRDRRRRRDRDDDRRRRRDRRRRDDD,50.0,0.5
R,R,D,R,D,D,D,D,D,D,R,D,R,R,R,R,R,D,R,D,D,D,R,R,R,R,R,D,R,R,R,R,D,D,R,RRDRDDDDDDRDRRRRRDRDDDRRRRRDRRRRDDR,49.0,0.3
R,R,R,R,D,R,D,R,R,D,R,D,R,R,R,R,R,D,R,R,R,D,R,R,R,R,R,D,R,R,R,R,R,D,R,RRRRDRDRRDRDRRRRRDRRRDRRRRRDRRRRRDR,56.0,0.1
R,R,R,R,D,D,D,R,D,D,R,D,R,R,R,R,R,D,R,R,R,D,D,R,R,R,R,D,R,R,R,R,D,D,R,RRRRDDDRDDRDRRRRRDRRRDDRRRRDRRRRDDR,52.0,0.1
R,R,D,R,D,D,D,R,D,D,R,D,R,R,R,R,R,D,R,D,D,D,D,R,R,R,R,D,R,R,R,R,D,D,R,RRDRDDDRDDRDRRRRRDRDDDDRRRRDRRRRDDR,49.0,0.3
R,R,R,R,D,D,D,D,D,D,R,D,R,R,R,R,R,D,R,D,D,D,D,R,R,R,R,D,D,R,R,R,D,D,R,RRRRDDDDDDRDRRRRRDRDDDDRRRRDDRRRDDR,48.0,0.1
R,R,R,R,D,D,D,D,D,D,R,D,R,R,R,R,R,D,R,D,D,D,R,R,R,R,R,D,D,R,R,R,D,D,R,RRRRDDDDDDRDRRRRRDRDDDRRRRRDDRRRDDR,49.0,0.2
R,R,R,R,D,D,D,R,R,D,R,R,R,R,R,R,R,D,R,R,R,D,R,R,R,R,R,R,R,R,R,R,D,D,R,RRRRDDDRRDRRRRRRRDRRRDRRRRRRRRRRDDR,56.0,0.1
R,R,D,R,D,D,D,R,R,D,R,D,R,R,R,R,R,D,R,R,D,D,R,R,R,R,R,D,R,R,R,R,D,D,D,RRDRDDDRRDRDRRRRRDRRDDRRRRRDRRRRDDD,51.0,0.3
R,R,D,R,D,D,D,R,R,D,R,D,R,R,R,R,R,D,R,R,R,D,R,R,R,R,R,D,D,R,R,R,D,D,D,RRDRDDDRRDRDRRRRRDRRRDRRRRRDDRRRDDD,51.0,0.1
R,R,D,R,D,D,D,D,R,D,R,D,R,R,R,R,R,D,R,D,D,D,D,R,R,R,R,D,R,R,R,R,D,D,R,RRDRDDDDRDRDRRRRRDRDDDDRRRRDRRRRDDR,49.0,0.1
R,R,D,R,D,D,D,R,D,D,R,D,R,R,R,R,R,D,D,D,D,D,R,R,D,R,R,D,D,R,R,R,D,D,D,RRDRDDDRDDRDRRRRRDDDDDRRDRRDDRRRDDD,46.0,0.1
R,R,R,R,D,D,D,R,D,D,R,D,R,R,R,R,R,D,R,R,D,D,R,R,R,R,R,D,D,R,R,R,D,D,R,RRRRDDDRDDRDRRRRRDRRDDRRRRRDDRRRDDR,51.0,0.3
R,R,R,R,D,R,D,R,R,D,R,R,R,R,R,R,R,D,R,R,R,D,R,R,R,R,R,R,R,R,R,R,D,D,R,RRRRDRDRRDRRRRRRRDRRRDRRRRRRRRRRDDR,57.0,0.1
R,R,R,R,D,D,D,R,R,D,R,D,R,R,R,R,R,D,R,D,D,D,R,R,R,R,R,D,R,R,R,R,D,D,D,RRRRDDDRRDRDRRRRRDRDDDRRRRRDRRRRDDD,51.0,0.2
R,R,D,R,D,D,D,R,D,D,R,D,R,R,R,R,R,D,R,D,D,D,D,R,D,R,R,D,D,R,R,R,D,D,R,RRDRDDDRDDRDRRRRRDRDDDDRDRRDDRRRDDR,47.0,0.4
R,R,D,R,D,D,D,R,D,D,R,D,R,R,R,R,R,D,R,R,R,D,R,R,R,R,R,D,R,R,R,R,D,D,R,RRDRDDDRDDRDRRRRRDRRRDRRRRRDRRRRDDR,52.0,0.7000000000000001
R,R,R,R,D,D,D,D,D,D,R,D,R,R,R,R,R,D,R,D,D,D,D,R,R,R,R,D,D,R,R,R,D,D,D,RRRRDDDDDDRDRRRRRDRDDDDRRRRDDRRRDDD,47.0,0.2
R,R,D,R,D,D,D,D,D,D,R,D,R,R,R,R,R,D,R,D,D,D,D,R,R,R,R,D,R,R,R,R,D,D,R,RRDRDDDDDDRDRRRRRDRDDDDRRRRDRRRRDDR,48.0,0.3
R,R,D,R,D,D,D,D,D,D,R,D,R,R,R,R,R,D,D,D,D,D,R,R,R,R,R,D,D,R,R,R,D,D,D,RRDRDDDDDDRDRRRRRDDDDDRRRRRDDRRRDDD,46.0,0.1
R,R,R,R,D,D,D,D,D,D,R,D,R,R,R,R,R,D,R,D,D,D,R,R,R,R,R,D,R,R,R,R,D,D,D,RRRRDDDDDDRDRRRRRDRDDDRRRRRDRRRRDDD,49.0,0.1
R,R,D,R,D,D,D,R,R,D,R,D,R,R,R,R,R,D,R,D,R,D,R,R,R,R,R,D,D,R,R,R,D,D,R,RRDRDDDRRDRDRRRRRDRDRDRRRRRDDRRRDDR,51.0,0.1
R,R,R,R,D,D,D,R,R,D,R,D,R,R,R,R,R,D,R,R,D,D,R,R,R,R,R,D,R,R,R,R,D,D,D,RRRRDDDRRDRDRRRRRDRRDDRRRRRDRRRRDDD,52.0,0.2
R,R,R,R,D,R,D,R,R,D,R,R,R,R,R,R,R,D,R,R,R,D,R,R,R,R,R,R,R,R,R,R,R,D,R,RRRRDRDRRDRRRRRRRDRRRDRRRRRRRRRRRDR,58.0,0.1
R,R,R,R,D,R,D,R,R,D,R,D,R,R,R,R,R,D,R,R,D,D,R,R,R,R,R,R,R,R,R,R,D,R,R,RRRRDRDRRDRDRRRRRDRRDDRRRRRRRRRRDRR,56.0,0.1
R,R,D,R,D,D,D,R,D,D,R,D,R,R,R,R,R,D,R,R,D,D,D,R,R,R,R,D,D,R,R,R,D,D,R,RRDRDDDRDDRDRRRRRDRRDDDRRRRDDRRRDDR,49.0,0.3
R,R,R,R,D,D,R,R,R,D,R,D,R,R,R,R,R,D,R,R,R,D,R,R,R,R,R,D,R,R,R,R,D,R,R,RRRRDDRRRDRDRRRRRDRRRDRRRRRDRRRRDRR,56.0,0.1
R,R,R,R,D,D,D,R,R,D,R,D,R,R,R,R,R,D,R,D,D,D,R,R,D,R,R,D,R,R,R,R,D,D,R,RRRRDDDRRDRDRRRRRDRDDDRRDRRDRRRRDDR,51.0,0.2
R,R,R,R,D,D,D,R,R,D,R,D,R,R,R,R,R,D,R,R,R,D,R,R,R,R,R,D,D,R,R,R,D,D,R,RRRRDDDRRDRDRRRRRDRRRDRRRRRDDRRRDDR,53.0,0.2
R,R,R,R,D,D,D,R,D,D,R,D,R,R,R,R,R,D,R,R,D,D,D,R,R,R,R,D,D,R,R,R,D,D,D,RRRRDDDRDDRDRRRRRDRRDDDRRRRDDRRRDDD,49.0,0.1
R,R,R,R,D,D,D,R,R,D,R,D,R,R,R,R,R,D,R,R,D,D,R,R,R,R,R,R,R,R,R,R,D,D,R,RRRRDDDRRDRDRRRRRDRRDDRRRRRRRRRRDDR,54.0,0.1
R,R,D,R,D,D,D,R,D,D,R,D,R,R,R,R,D,D,R,D,D,D,D,R,D,R,R,D,D,D,R,R,D,D,D,RRDRDDDRDDRDRRRRDDRDDDDRDRRDDDRRDDD,44.0,0.2
R,R,R,R,D,R,D,R,R,D,R,D,R,R,R,R,R,D,R,R,R,D,R,R,R,R,R,D,R,R,R,R,D,R,R,RRRRDRDRRDRDRRRRRDRRRDRRRRRDRRRRDRR,56.0,0.6
R,D,D,R,D,D,D,R,D,D,R,D,D,R,R,R,R,D,R,D,D,D,D,R,R,R,R,D,D,R,R,R,D,D,D,RDDRDDDRDDRDDRRRRDRDDDDRRRRDDRRRDDD,45.0,0.1
R,R,D,R,D,D,D,R,D,D,R,D,R,D,R,R,D,D,R,D,D,D,D,R,R,R,R,D,D,R,R,R,D,D,D,RRDRDDDRDDRDRDRRDDRDDDDRRRRDDRRRDDD,45.0,0.1
R,R,D,R,D,D,D,D,R,D,R,D,R,R,R,R,R,D,R,D,D,D,R,R,D,R,R,D,D,R,R,R,D,D,D,RRDRDDDDRDRDRRRRRDRDDDRRDRRDDRRRDDD,47.0,0.1
R,R,R,R,D,D,R,R,R,D,R,D,R,R,R,R,R,D,R,R,R,D,R,R,R,R,R,D,R,R,R,R,D,D,R,RRRRDDRRRDRDRRRRRDRRRDRRRRRDRRRRDDR,55.0,0.3
R,D,D,R,D,D,D,R,D,D,R,D,R,R,R,R,R,D,R,D,D,D,R,R,D,R,R,D,D,R,R,R,D,D,D,RDDRDDDRDDRDRRRRRDRDDDRRDRRDDRRRDDD,46.0,0.1
R,R,R,R,D,R,D,R,R,D,R,D,R,R,R,R,R,D,R,R,R,R,R,R,R,R,R,D,R,R,R,R,D,D,R,RRRRDRDRRDRDRRRRRDRRRRRRRRRDRRRRDDR,56.0,0.1
R,R,D,R,D,D,D,R,D,D,R,D,D,R,R,R,R,D,R,D,D,D,D,R,D,R,R,D,D,R,R,R,D,D,R,RRDRDDDRDDRDDRRRRDRDDDDRDRRDDRRRDDR,46.0,0.1
R,R,R,R,D,D,D,R,D,D,R,D,R,R,R,R,R,D,R,R,D,D,R,R,R,R,R,D,D,R,R,R,D,D,D,RRRRDDDRDDRDRRRRRDRRDDRRRRRDDRRRDDD,50.0,0.1
R,R,R,R,D,R,D,R,D,D,R,D,R,R,R,R,R,D,R,R,R,D,R,R,R,R,R,D,R,R,R,R,D,D,R,RRRRDRDRDDRDRRRRRDRRRDRRRRRDRRRRDDR,54.0,0.2
R,R,R,R,D,D,D,R,R,D,R,D,R,R,R,R,R,D,R,R,R,D,R,R,R,R,R,D,R,R,R,R,D,D,D,RRRRDDDRRDRDRRRRRDRRRDRRRRRDRRRRDDD,53.0,0.1
R,R,D,R,D,D,D,R,D,D,R,D,R,R,D,R,D,D,R,D,D,D,R,R,R,R,R,D,D,R,R,R,D,D,R,RRDRDDDRDDRDRRDRDDRDDDRRRRRDDRRRDDR,47.0,0.1
R,R,R,R,D,R,D,R,D,D,R,D,R,R,R,R,R,D,R,D,R,D,R,R,R,R,R,D,R,R,R,R,D,D,R,RRRRDRDRDDRDRRRRRDRDRDRRRRRDRRRRDDR,53.0,0.1
R,R,R,R,D,D,D,R,R,D,R,D,R,R,R,R,R,D,R,D,D,D,D,R,R,R,R,D,R,R,R,R,D,D,D,RRRRDDDRRDRDRRRRRDRDDDDRRRRDRRRRDDD,50.0,0.2
R,R,R,R,D,D,D,D,D,D,R,D,R,R,R,R,R,D,R,D,D,D,D,R,D,R,R,D,D,R,R,R,D,D,D,RRRRDDDDDDRDRRRRRDRDDDDRDRRDDRRRDDD,46.0,0.1
R,R,D,R,D,D,D,R,D,D,R,D,R,R,R,R,R,D,R,R,R,D,R,R,R,R,R,D,D,R,R,R,D,D,R,RRDRDDDRDDRDRRRRRDRRRDRRRRRDDRRRDDR,51.0,0.3
R,R,R,R,D,D,D,R,R,D,R,D,R,R,R,R,R,D,R,R,D,D,R,R,R,R,R,D,D,R,R,R,D,D,D,RRRRDDDRRDRDRRRRRDRRDDRRRRRDDRRRDDD,51.0,0.1
R,D,D,R,D,D,D,R,D,D,R,D,R,D,R,R,R,D,R,D,D,D,D,R,R,R,R,D,D,R,R,R,D,D,D,RDDRDDDRDDRDRDRRRDRDDDDRRRRDDRRRDDD,45.0,0.1
R,R,D,R,D,D,D,D,D,D,R,D,R,R,R,R,R,D,R,D,D,D,D,R,D,R,R,D,R,R,R,R,D,D,D,RRDRDDDDDDRDRRRRRDRDDDDRDRRDRRRRDDD,46.0,0.1
R,D,D,R,D,D,D,R,D,D,R,D,R,R,R,R,R,D,R,D,D,D,D,R,D,R,R,D,D,R,R,R,D,D,D,RDDRDDDRDDRDRRRRRDRDDDDRDRRDDRRRDDD,45.0,0.1
R,R,D,R,D,D,D,R,D,D,R,D,R,R,R,R,R,D,R,D,R,D,R,R,R,R,R,D,D,R,R,R,D,D,R,RRDRDDDRDDRDRRRRRDRDRDRRRRRDDRRRDDR,50.0,0.1
R,R,D,R,D,R,D,R,D,D,R,D,R,R,R,R,R,D,R,D,R,D,R,R,R,R,R,D,R,R,R,R,D,D,R,RRDRDRDRDDRDRRRRRDRDRDRRRRRDRRRRDDR,52.0,0.1
R,R,R,R,D,R,D,R,R,D,R,D,R,R,R,R,R,D,R,D,R,D,R,R,R,R,R,D,R,R,R,R,D,D,R,RRRRDRDRRDRDRRRRRDRDRDRRRRRDRRRRDDR,54.0,0.2
R,R,D,R,D,D,D,D,D,D,R,D,R,R,R,R,R,D,D,D,D,D,R,R,D,R,R,D,D,D,R,R,D,D,D,RRDRDDDDDDRDRRRRRDDDDDRRDRRDDDRRDDD,44.0,0.1
R,D,D,R,D,D,D,R,D,D,R,D,R,R,R,R,R,D,D,D,D,D,D,R,R,R,R,D,D,D,R,R,D,D,R,RDDRDDDRDDRDRRRRRDDDDDDRRRRDDDRRDDR,45.0,0.1
R,R,D,R,D,D,D,R,D,D,R,D,R,R,R,R,R,D,R,D,D,D,R,R,D,R,R,D,R,R,R,R,D,D,D,RRDRDDDRDDRDRRRRRDRDDDRRDRRDRRRRDDD,48.0,0.2
R,R,D,R,D,D,D,D,D,D,R,D,R,R,R,R,R,D,R,D,D,D,D,R,D,R,R,D,D,R,D,R,D,D,D,RRDRDDDDDDRDRRRRRDRDDDDRDRRDDRDRDDD,44.0,0.1
R,R,D,R,D,D,D,R,D,D,R,D,R,R,R,R,R,D,R,R,R,D,R,R,R,R,R,D,R,R,R,R,D,D,D,RRDRDDDRDDRDRRRRRDRRRDRRRRRDRRRRDDD,51.0,0.1
R,R,D,R,D,D,D,D,D,D,R,D,R,D,R,R,R,D,R,D,D,D,R,R,R,R,R,D,D,R,R,R,D,D,R,RRDRDDDDDDRDRDRRRDRDDDRRRRRDDRRRDDR,47.0,0.1
R,R,D,R,D,D,D,D,D,D,R,D,D,R,R,R,R,D,R,D,D,D,D,R,R,R,R,D,D,R,R,R,D,D,D,RRDRDDDDDDRDDRRRRDRDDDDRRRRDDRRRDDD,45.0,0.1
R,R,D,R,D,D,D,D,D,D,R,D,R,R,R,R,R,D,D,D,D,D,D,R,R,R,R,D,D,R,R,R,D,D,D,RRDRDDDDDDRDRRRRRDDDDDDRRRRDDRRRDDD,45.0,0.1
R,R,R,R,D,R,D,R,R,D,R,R,R,R,R,R,R,R,R,R,R,D,R,R,R,R,R,R,R,R,R,R,R,D,R,RRRRDRDRRDRRRRRRRRRRRDRRRRRRRRRRRDR,59.0,0.1
R,R,R,R,D,D,D,R,R,D,R,D,R,R,R,R,R,D,R,R,R,D,R,R,R,R,R,R,R,R,R,R,D,D,R,RRRRDDDRRDRDRRRRRDRRRDRRRRRRRRRRDDR,55.0,0.4
R,R,D,R,D,D,D,D,D,D,R,D,R,D,R,R,R,D,R,D,D,D,D,R,R,R,R,D,D,R,R,R,D,D,D,RRDRDDDDDDRDRDRRRDRDDDDRRRRDDRRRDDD,45.0,0.1
R,R,R,R,R,D,D,R,R,D,R,D,R,R,R,R,R,D,R,R,R,R,R,R,R,R,R,D,R,R,R,R,D,R,R,RRRRRDDRRDRDRRRRRDRRRRRRRRRDRRRRDRR,57.0,0.1
R,R,R,R,D,D,D,R,R,D,R,D,R,R,R,R,R,D,R,D,D,D,R,R,R,R,R,D,D,R,R,R,D,D,D,RRRRDDDRRDRDRRRRRDRDDDRRRRRDDRRRDDD,50.0,0.7000000000000001
R,R,R,R,D,D,D,D,D,D,R,D,R,R,R,R,R,D,R,D,D,D,D,R,D,R,R,D,R,R,R,R,D,D,D,RRRRDDDDDDRDRRRRRDRDDDDRDRRDRRRRDDD,47.0,0.1
R,R,R,R,D,R,D,R,D,D,R,D,R,R,R,R,R,D,R,R,D,D,R,R,R,R,R,D,R,R,R,R,D,D,R,RRRRDRDRDDRDRRRRRDRRDDRRRRRDRRRRDDR,53.0,0.1
R,R,R,R,D,D,D,R,D,D,R,D,R,R,R,R,R,D,R,D,R,D,D,R,R,R,R,D,R,R,R,R,D,D,D,RRRRDDDRDDRDRRRRRDRDRDDRRRRDRRRRDDD,50.0,0.1
R,R,R,R,D,D,D,R,D,D,R,D,R,R,R,R,R,D,R,D,R,D,R,R,R,R,R,D,R,R,R,R,D,D,D,RRRRDDDRDDRDRRRRRDRDRDRRRRRDRRRRDDD,51.0,0.1
R,R,D,R,D,D,D,R,R,D,R,D,R,R,R,R,R,D,R,D,D,D,D,R,R,R,R,D,D,R,R,R,D,D,R,RRDRDDDRRDRDRRRRRDRDDDDRRRRDDRRRDDR,49.0,0.2
R,D,D,R,D,D,D,D,D,D,R,D,R,R,R,R,R,D,R,D,D,D,D,R,D,R,R,D,D,R,R,R,D,D,D,RDDRDDDDDDRDRRRRRDRDDDDRDRRDDRRRDDD,44.0,0.1
R,R,D,R,D,D,D,D,D,D,R,D,D,R,R,R,R,D,D,D,D,D,D,R,R,R,R,D,D,D,R,R,D,D,D,RRDRDDDDDDRDDRRRRDDDDDDRRRRDDDRRDDD,43.0,0.1
R,R,R,R,D,D,D,R,R,D,R,D,R,R,R,R,R,D,R,R,D,D,D,R,D,R,R,D,D,R,R,R,D,D,D,RRRRDDDRRDRDRRRRRDRRDDDRDRRDDRRRDDD,49.0,0.1
R,R,D,R,D,D,D,R,D,D,R,D,R,R,R,R,R,D,R,D,R,D,D,R,R,R,R,D,R,R,R,R,D,D,D,RRDRDDDRDDRDRRRRRDRDRDDRRRRDRRRRDDD,49.0,0.1
R,R,D,R,D,D,D,R,R,D,R,D,R,R,R,R,R,D,R,R,R,D,R,R,R,R,R,D,D,R,R,R,D,D,R,RRDRDDDRRDRDRRRRRDRRRDRRRRRDDRRRDDR,52.0,0.2
R,R,D,R,D,D,D,R,R,D,R,D,R,R,R,R,R,D,R,R,R,D,R,R,R,R,R,D,R,R,R,R,D,D,D,RRDRDDDRRDRDRRRRRDRRRDRRRRRDRRRRDDD,52.0,0.1
R,R,R,R,D,D,D,R,D,D,R,D,R,R,R,R,R,D,R,D,R,D,D,R,R,R,R,D,D,R,R,R,D,D,R,RRRRDDDRDDRDRRRRRDRDRDDRRRRDDRRRDDR,50.0,0.1
R,R,D,R,D,D,D,R,D,D,R,D,R,R,R,R,R,D,D,D,D,D,R,R,R,R,R,D,D,R,R,R,D,D,D,RRDRDDDRDDRDRRRRRDDDDDRRRRRDDRRRDDD,47.0,0.2
R,R,D,R,D,D,D,D,D,D,R,D,R,D,R,R,R,D,D,D,D,D,D,R,D,R,R,D,D,R,R,R,D,D,D,RRDRDDDDDDRDRDRRRDDDDDDRDRRDDRRRDDD,43.0,0.1
R,R,R,R,D,D,D,R,R,D,R,D,R,R,R,R,R,D,R,R,R,D,R,R,R,R,R,R,R,R,R,R,R,D,R,RRRRDDDRRDRDRRRRRDRRRDRRRRRRRRRRRDR,56.0,0.1
R,R,R,R,D,D,D,R,D,D,R,D,R,R,R,R,R,D,R,D,D,D,D,R,R,R,R,D,D,R,R,R,D,D,D,RRRRDDDRDDRDRRRRRDRDDDDRRRRDDRRRDDD,48.0,0.1
R,R,D,R,D,D,D,R,D,D,R,D,R,R,R,R,R,D,R,D,D,D,D,R,D,R,R,D,R,R,R,R,D,D,D,RRDRDDDRDDRDRRRRRDRDDDDRDRRDRRRRDDD,47.0,0.1
R,R,R,R,D,D,D,R,D,D,R,D,R,R,R,R,R,D,R,R,D,D,R,R,R,R,R,D,R,R,R,R,D,D,D,RRRRDDDRDDRDRRRRRDRRDDRRRRRDRRRRDDD,51.0,0.1
R,D,D,R,D,D,D,R,D,D,R,D,R,R,R,R,R,D,R,D,D,D,R,R,R,R,R,D,D,R,R,R,D,D,D,RDDRDDDRDDRDRRRRRDRDDDRRRRRDDRRRDDD,47.0,0.1
R,R,D,R,D,D,D,R,R,D,R,D,R,R,R,R,R,D,R,R,D,D,R,R,R,R,R,D,D,R,R,R,D,D,D,RRDRDDDRRDRDRRRRRDRRDDRRRRRDDRRRDDD,50.0,0.2
R,R,D,R,D,D,D,R,D,D,R,D,R,D,R,R,R,D,R,D,D,D,R,R,R,R,R,D,D,R,R,R,D,D,R,RRDRDDDRDDRDRDRRRDRDDDRRRRRDDRRRDDR,48.0,0.1
R,R,D,R,D,D,D,R,D,D,R,D,R,R,R,R,R,D,R,D,D,D,D,R,R,R,R,D,D,D,D,R,D,D,R,RRDRDDDRDDRDRRRRRDRDDDDRRRRDDDDRDDR,46.0,0.1
R,R,D,R,D,D,D,D,D,D,R,D,R,R,R,D,R,D,R,D,D,D,D,R,R,R,R,D,D,D,R,R,D,D,D,RRDRDDDDDDRDRRRDRDRDDDDRRRRDDDRRDDD,44.0,0.1
R,D,D,R,D,D,D,R,D,D,R,D,R,R,R,R,R,D,R,D,D,D,D,R,R,R,R,D,D,D,R,R,D,D,D,RDDRDDDRDDRDRRRRRDRDDDDRRRRDDDRRDDD,45.0,0.1
R,R,R,R,D,R,R,R,R,D,R,R,R,R,R,R,R,D,R,R,R,D,R,R,R,R,R,D,R,R,R,R,D,D,R,RRRRDRRRRDRRRRRRRDRRRDRRRRRDRRRRDDR,57.0,0.1
R,R,D,R,D,D,D,R,D,D,R,D,R,R,R,R,R,D,R,R,D,D,D,R,D,R,R,D,R,R,R,R,D,D,R,RRDRDDDRDDRDRRRRRDRRDDDRDRRDRRRRDDR,49.0,0.1
R,R,R,R,D,D,R,R,R,D,R,R,R,R,R,R,R,D,R,R,R,D,R,R,R,R,R,R,R,R,R,R,D,D,R,RRRRDDRRRDRRRRRRRDRRRDRRRRRRRRRRDDR,57.0,0.1
R,R,D,R,D,R,D,R,R,D,R,D,R,R,R,R,R,D,R,D,D,D,R,R,R,R,R,D,R,R,R,R,D,D,R,RRDRDRDRRDRDRRRRRDRDDDRRRRRDRRRRDDR,52.0,0.2
R,R,D,R,D,D,D,R,R,D,R,D,R,R,R,R,R,D,R,R,D,D,D,R,R,R,R,D,D,R,R,R,D,D,R,RRDRDDDRRDRDRRRRRDRRDDDRRRRDDRRRDDR,50.0,0.1
R,R,R,R,D,R,D,R,R,D,R,D,R,R,R,R,R,D,R,D,D,D,R,R,R,R,R,D,R,R,R,R,D,D,R,RRRRDRDRRDRDRRRRRDRDDDRRRRRDRRRRDDR,53.0,0.1
R,R,D,R,D,D,D,R,R,D,R,D,R,R,R,R,R,D,R,D,D,D,D,R,R,R,R,D,D,R,R,R,D,D,D,RRDRDDDRRDRDRRRRRDRDDDDRRRRDDRRRDDD,48.0,0.2
R,R,R,R,R,R,D,R,R,D,R,R,R,R,R,R,R,D,R,R,R,R,R,R,R,R,R,D,R,R,R,R,R,D,R,RRRRRRDRRDRRRRRRRDRRRRRRRRRDRRRRRDR,59.0,0.1
R,R,D,R,D,D,D,R,D,D,R,D,R,D,R,R,R,D,D,D,D,D,D,R,R,R,R,D,D,R,R,R,D,D,D,RRDRDDDRDDRDRDRRRDDDDDDRRRRDDRRRDDD,45.0,0.1
R,R,D,D,D,D,D,R,D,D,R,D,R,R,R,R,R,D,R,D,D,D,D,R,R,R,R,D,D,R,R,R,D,D,R,RRDDDDDRDDRDRRRRRDRDDDDRRRRDDRRRDDR,47.0,0.1
R,R,R,R,D,D,D,R,R,D,R,D,R,R,R,R,R,D,R,D,R,D,R,R,R,R,R,D,D,R,R,R,D,D,R,RRRRDDDRRDRDRRRRRDRDRDRRRRRDDRRRDDR,52.0,0.1
R,R,D,R,D,D,D,R,D,D,R,D,R,R,R,R,R,D,R,R,R,D,R,R,R,R,R,D,D,R,R,R,D,D,D,RRDRDDDRDDRDRRRRRDRRRDRRRRRDDRRRDDD,50.0,0.1
R,R,R,R,R,R,D,R,R,D,R,D,R,R,R,R,R,D,R,R,R,R,R,R,R,R,R,R,R,R,R,R,R,D,R,RRRRRRDRRDRDRRRRRDRRRRRRRRRRRRRRRDR,59.0,0.1
R,R,D,R,D,D,D,D,D,D,R,D,D,R,R,D,R,D,D,D,D,D,D,R,R,R,R,D,D,R,R,R,D,D,R,RRDRDDDDDDRDDRRDRDDDDDDRRRRDDRRRDDR,44.0,0.1
R,R,D,R,D,D,D,D,D,D,R,D,R,D,R,R,R,D,R,D,D,D,D,R,R,R,R,D,D,R,R,R,D,D,R,RRDRDDDDDDRDRDRRRDRDDDDRRRRDDRRRDDR,46.0,0.1
R,R,D,R,D,D,D,R,D,D,R,D,R,R,R,R,R,D,D,D,D,D,D,R,R,R,R,D,D,D,R,R,D,D,D,RRDRDDDRDDRDRRRRRDDDDDDRRRRDDDRRDDD,45.0,0.1
R,R,D,R,D,D,D,R,D,D,R,D,R,R,R,R,R,D,R,R,D,D,D,R,R,R,R,D,D,R,R,R,D,D,D,RRDRDDDRDDRDRRRRRDRRDDDRRRRDDRRRDDD,48.0,0.1
R,R,D,R,D,D,D,D,D,D,R,D,R,R,R,R,R,D,R,D,D,D,R,R,R,R,R,D,D,D,R,R,D,D,D,RRDRDDDDDDRDRRRRRDRDDDRRRRRDDDRRDDD,46.0,0.1
R,R,R,R,D,D,D,R,D,D,R,D,R,R,R,R,R,D,R,D,D,D,R,R,D,R,R,D,D,R,R,R,D,D,R,RRRRDDDRDDRDRRRRRDRDDDRRDRRDDRRRDDR,49.0,0.1
